월,성별구분코드,연령대구분코드,24시간대구분코드,내국인수
01,-,_,0,0
01,-,_,1,0
01,-,_,2,0
01,-,_,3,0
01,-,_,4,0
01,-,_,5,0
01,-,_,6,0
01,-,_,7,0
01,-,_,8,0
01,-,_,9,0
01,-,_,10,0
01,-,_,11,0
01,-,_,12,0
01,-,_,13,0
01,-,_,14,0
01,-,_,15,0
01,-,_,16,0
01,-,_,17,0
01,-,_,18,0
01,-,_,19,0
01,-,_,20,0
01,-,_,21,0
01,-,_,22,0
01,-,_,23,0
01,F,age_10,0,180328
01,F,age_10,1,180454
01,F,age_10,2,180504
01,F,age_10,3,180383
01,F,age_10,4,180302
01,F,age_10,5,180293
01,F,age_10,6,180190
01,F,age_10,7,180139
01,F,age_10,8,181138
01,F,age_10,9,181874
01,F,age_10,10,182927
01,F,age_10,11,183819
01,F,age_10,12,184672
01,F,age_10,13,185381
01,F,age_10,14,185755
01,F,age_10,15,185278
01,F,age_10,16,185211
01,F,age_10,17,184706
01,F,age_10,18,184086
01,F,age_10,19,183715
01,F,age_10,20,183092
01,F,age_10,21,183012
01,F,age_10,22,182303
01,F,age_10,23,182254
01,F,age_15,0,303738
01,F,age_15,1,303560
01,F,age_15,2,303652
01,F,age_15,3,303590
01,F,age_15,4,303370
01,F,age_15,5,303196
01,F,age_15,6,303633
01,F,age_15,7,305758
01,F,age_15,8,308826
01,F,age_15,9,311891
01,F,age_15,10,314973
01,F,age_15,11,319120
01,F,age_15,12,322935
01,F,age_15,13,325974
01,F,age_15,14,327961
01,F,age_15,15,329858
01,F,age_15,16,330750
01,F,age_15,17,330724
01,F,age_15,18,328934
01,F,age_15,19,326217
01,F,age_15,20,323338
01,F,age_15,21,319544
01,F,age_15,22,312991
01,F,age_15,23,306843
01,F,age_20,0,723473
01,F,age_20,1,722663
01,F,age_20,2,722063
01,F,age_20,3,721837
01,F,age_20,4,721245
01,F,age_20,5,721411
01,F,age_20,6,722750
01,F,age_20,7,733694
01,F,age_20,8,753996
01,F,age_20,9,766783
01,F,age_20,10,774162
01,F,age_20,11,781761
01,F,age_20,12,790935
01,F,age_20,13,799282
01,F,age_20,14,804740
01,F,age_20,15,808900
01,F,age_20,16,810592
01,F,age_20,17,809259
01,F,age_20,18,801665
01,F,age_20,19,789320
01,F,age_20,20,779353
01,F,age_20,21,767367
01,F,age_20,22,752205
01,F,age_20,23,735730
01,F,age_25,0,884713
01,F,age_25,1,883298
01,F,age_25,2,882082
01,F,age_25,3,881565
01,F,age_25,4,881040
01,F,age_25,5,881405
01,F,age_25,6,884787
01,F,age_25,7,906961
01,F,age_25,8,945842
01,F,age_25,9,964734
01,F,age_25,10,972303
01,F,age_25,11,980584
01,F,age_25,12,987629
01,F,age_25,13,993479
01,F,age_25,14,996378
01,F,age_25,15,999401
01,F,age_25,16,999474
01,F,age_25,17,996472
01,F,age_25,18,983614
01,F,age_25,19,961724
01,F,age_25,20,947095
01,F,age_25,21,933298
01,F,age_25,22,917702
01,F,age_25,23,902492
01,F,age_30,0,705575
01,F,age_30,1,704990
01,F,age_30,2,704585
01,F,age_30,3,704465
01,F,age_30,4,704117
01,F,age_30,5,704556
01,F,age_30,6,707320
01,F,age_30,7,723267
01,F,age_30,8,748471
01,F,age_30,9,761235
01,F,age_30,10,767753
01,F,age_30,11,772135
01,F,age_30,12,775811
01,F,age_30,13,778794
01,F,age_30,14,779566
01,F,age_30,15,779855
01,F,age_30,16,778589
01,F,age_30,17,775551
01,F,age_30,18,764956
01,F,age_30,19,749916
01,F,age_30,20,740596
01,F,age_30,21,733416
01,F,age_30,22,724955
01,F,age_30,23,717331
01,F,age_35,0,668458
01,F,age_35,1,667880
01,F,age_35,2,667738
01,F,age_35,3,667631
01,F,age_35,4,667523
01,F,age_35,5,667454
01,F,age_35,6,670806
01,F,age_35,7,683667
01,F,age_35,8,702845
01,F,age_35,9,713643
01,F,age_35,10,721330
01,F,age_35,11,725375
01,F,age_35,12,727395
01,F,age_35,13,728881
01,F,age_35,14,729292
01,F,age_35,15,728535
01,F,age_35,16,726447
01,F,age_35,17,721758
01,F,age_35,18,712424
01,F,age_35,19,701403
01,F,age_35,20,694332
01,F,age_35,21,688746
01,F,age_35,22,683528
01,F,age_35,23,677616
01,F,age_40,0,579276
01,F,age_40,1,578867
01,F,age_40,2,578720
01,F,age_40,3,578557
01,F,age_40,4,578608
01,F,age_40,5,579011
01,F,age_40,6,581364
01,F,age_40,7,590073
01,F,age_40,8,603401
01,F,age_40,9,613535
01,F,age_40,10,618184
01,F,age_40,11,620513
01,F,age_40,12,622633
01,F,age_40,13,624070
01,F,age_40,14,624612
01,F,age_40,15,624117
01,F,age_40,16,622232
01,F,age_40,17,618378
01,F,age_40,18,611495
01,F,age_40,19,602878
01,F,age_40,20,597961
01,F,age_40,21,594072
01,F,age_40,22,589918
01,F,age_40,23,585628
01,F,age_45,0,672201
01,F,age_45,1,671917
01,F,age_45,2,671481
01,F,age_45,3,671343
01,F,age_45,4,671329
01,F,age_45,5,671737
01,F,age_45,6,674018
01,F,age_45,7,681938
01,F,age_45,8,694299
01,F,age_45,9,702876
01,F,age_45,10,707915
01,F,age_45,11,710565
01,F,age_45,12,712418
01,F,age_45,13,714300
01,F,age_45,14,714919
01,F,age_45,15,714281
01,F,age_45,16,712992
01,F,age_45,17,710378
01,F,age_45,18,703081
01,F,age_45,19,695892
01,F,age_45,20,691333
01,F,age_45,21,688311
01,F,age_45,22,683450
01,F,age_45,23,678938
01,F,age_50,0,678770
01,F,age_50,1,678481
01,F,age_50,2,678319
01,F,age_50,3,678136
01,F,age_50,4,678187
01,F,age_50,5,678711
01,F,age_50,6,680323
01,F,age_50,7,686351
01,F,age_50,8,696449
01,F,age_50,9,705037
01,F,age_50,10,709147
01,F,age_50,11,711608
01,F,age_50,12,712706
01,F,age_50,13,713286
01,F,age_50,14,714574
01,F,age_50,15,714075
01,F,age_50,16,713551
01,F,age_50,17,711229
01,F,age_50,18,707010
01,F,age_50,19,701834
01,F,age_50,20,698328
01,F,age_50,21,694073
01,F,age_50,22,689245
01,F,age_50,23,684426
01,F,age_55,0,677390
01,F,age_55,1,676987
01,F,age_55,2,676895
01,F,age_55,3,676895
01,F,age_55,4,677227
01,F,age_55,5,678155
01,F,age_55,6,680144
01,F,age_55,7,683823
01,F,age_55,8,692034
01,F,age_55,9,700031
01,F,age_55,10,703108
01,F,age_55,11,705020
01,F,age_55,12,705464
01,F,age_55,13,706195
01,F,age_55,14,706237
01,F,age_55,15,705461
01,F,age_55,16,703281
01,F,age_55,17,701791
01,F,age_55,18,699406
01,F,age_55,19,695686
01,F,age_55,20,692439
01,F,age_55,21,689135
01,F,age_55,22,685092
01,F,age_55,23,682127
01,F,age_60,0,578638
01,F,age_60,1,578332
01,F,age_60,2,578216
01,F,age_60,3,578172
01,F,age_60,4,578897
01,F,age_60,5,580167
01,F,age_60,6,581213
01,F,age_60,7,583505
01,F,age_60,8,589266
01,F,age_60,9,595400
01,F,age_60,10,599327
01,F,age_60,11,599197
01,F,age_60,12,599633
01,F,age_60,13,599848
01,F,age_60,14,600963
01,F,age_60,15,599796
01,F,age_60,16,597474
01,F,age_60,17,595477
01,F,age_60,18,593048
01,F,age_60,19,591031
01,F,age_60,20,588898
01,F,age_60,21,586576
01,F,age_60,22,584071
01,F,age_60,23,581309
01,F,age_65,0,362925
01,F,age_65,1,362729
01,F,age_65,2,362700
01,F,age_65,3,362699
01,F,age_65,4,363283
01,F,age_65,5,363922
01,F,age_65,6,365010
01,F,age_65,7,365868
01,F,age_65,8,367970
01,F,age_65,9,371706
01,F,age_65,10,374558
01,F,age_65,11,375323
01,F,age_65,12,376158
01,F,age_65,13,376873
01,F,age_65,14,376277
01,F,age_65,15,375387
01,F,age_65,16,372755
01,F,age_65,17,371698
01,F,age_65,18,370594
01,F,age_65,19,369477
01,F,age_65,20,368065
01,F,age_65,21,366846
01,F,age_65,22,365792
01,F,age_65,23,364468
01,F,age_70,0,417936
01,F,age_70,1,417787
01,F,age_70,2,418009
01,F,age_70,3,417721
01,F,age_70,4,417997
01,F,age_70,5,418653
01,F,age_70,6,419227
01,F,age_70,7,420805
01,F,age_70,8,423752
01,F,age_70,9,427709
01,F,age_70,10,430718
01,F,age_70,11,432452
01,F,age_70,12,433223
01,F,age_70,13,433630
01,F,age_70,14,432655
01,F,age_70,15,431645
01,F,age_70,16,428631
01,F,age_70,17,426192
01,F,age_70,18,424596
01,F,age_70,19,423141
01,F,age_70,20,422053
01,F,age_70,21,421348
01,F,age_70,22,420149
01,F,age_70,23,419010
01,M,age_10,0,177275
01,M,age_10,1,177304
01,M,age_10,2,177255
01,M,age_10,3,177267
01,M,age_10,4,177236
01,M,age_10,5,177109
01,M,age_10,6,177031
01,M,age_10,7,176993
01,M,age_10,8,177984
01,M,age_10,9,178813
01,M,age_10,10,179404
01,M,age_10,11,179952
01,M,age_10,12,180581
01,M,age_10,13,181060
01,M,age_10,14,181450
01,M,age_10,15,181498
01,M,age_10,16,181314
01,M,age_10,17,180798
01,M,age_10,18,180483
01,M,age_10,19,180400
01,M,age_10,20,179905
01,M,age_10,21,179903
01,M,age_10,22,179458
01,M,age_10,23,179323
01,M,age_15,0,305227
01,M,age_15,1,304998
01,M,age_15,2,305127
01,M,age_15,3,305102
01,M,age_15,4,304700
01,M,age_15,5,304615
01,M,age_15,6,304455
01,M,age_15,7,305665
01,M,age_15,8,307736
01,M,age_15,9,310059
01,M,age_15,10,311760
01,M,age_15,11,313438
01,M,age_15,12,315933
01,M,age_15,13,318241
01,M,age_15,14,319983
01,M,age_15,15,321514
01,M,age_15,16,321626
01,M,age_15,17,321671
01,M,age_15,18,321076
01,M,age_15,19,320342
01,M,age_15,20,318852
01,M,age_15,21,315928
01,M,age_15,22,311908
01,M,age_15,23,308205
01,M,age_20,0,551098
01,M,age_20,1,550218
01,M,age_20,2,549221
01,M,age_20,3,548405
01,M,age_20,4,547576
01,M,age_20,5,547166
01,M,age_20,6,546157
01,M,age_20,7,548839
01,M,age_20,8,555549
01,M,age_20,9,562112
01,M,age_20,10,565887
01,M,age_20,11,569690
01,M,age_20,12,574363
01,M,age_20,13,578028
01,M,age_20,14,581553
01,M,age_20,15,583865
01,M,age_20,16,584172
01,M,age_20,17,583754
01,M,age_20,18,583478
01,M,age_20,19,579678
01,M,age_20,20,575691
01,M,age_20,21,572272
01,M,age_20,22,565788
01,M,age_20,23,556089
01,M,age_25,0,857937
01,M,age_25,1,856234
01,M,age_25,2,854685
01,M,age_25,3,854362
01,M,age_25,4,853105
01,M,age_25,5,852777
01,M,age_25,6,853813
01,M,age_25,7,865838
01,M,age_25,8,882838
01,M,age_25,9,893155
01,M,age_25,10,897633
01,M,age_25,11,902888
01,M,age_25,12,907520
01,M,age_25,13,913425
01,M,age_25,14,916683
01,M,age_25,15,918604
01,M,age_25,16,920300
01,M,age_25,17,921523
01,M,age_25,18,919800
01,M,age_25,19,911611
01,M,age_25,20,903586
01,M,age_25,21,895070
01,M,age_25,22,884260
01,M,age_25,23,869991
01,M,age_30,0,742218
01,M,age_30,1,740623
01,M,age_30,2,739248
01,M,age_30,3,738338
01,M,age_30,4,737652
01,M,age_30,5,737611
01,M,age_30,6,738754
01,M,age_30,7,753952
01,M,age_30,8,773852
01,M,age_30,9,784474
01,M,age_30,10,787516
01,M,age_30,11,791428
01,M,age_30,12,794519
01,M,age_30,13,795856
01,M,age_30,14,797470
01,M,age_30,15,798090
01,M,age_30,16,799321
01,M,age_30,17,799650
01,M,age_30,18,794163
01,M,age_30,19,783310
01,M,age_30,20,775327
01,M,age_30,21,769679
01,M,age_30,22,761955
01,M,age_30,23,752169
01,M,age_35,0,759404
01,M,age_35,1,757635
01,M,age_35,2,756680
01,M,age_35,3,756212
01,M,age_35,4,755897
01,M,age_35,5,756552
01,M,age_35,6,762585
01,M,age_35,7,784500
01,M,age_35,8,809876
01,M,age_35,9,824226
01,M,age_35,10,830577
01,M,age_35,11,834614
01,M,age_35,12,836714
01,M,age_35,13,838715
01,M,age_35,14,839858
01,M,age_35,15,839903
01,M,age_35,16,838989
01,M,age_35,17,836110
01,M,age_35,18,825328
01,M,age_35,19,809059
01,M,age_35,20,798367
01,M,age_35,21,790466
01,M,age_35,22,781034
01,M,age_35,23,771088
01,M,age_40,0,657026
01,M,age_40,1,655728
01,M,age_40,2,654754
01,M,age_40,3,654060
01,M,age_40,4,654236
01,M,age_40,5,655397
01,M,age_40,6,661103
01,M,age_40,7,680329
01,M,age_40,8,700773
01,M,age_40,9,712065
01,M,age_40,10,716887
01,M,age_40,11,721390
01,M,age_40,12,722432
01,M,age_40,13,724667
01,M,age_40,14,724554
01,M,age_40,15,725173
01,M,age_40,16,724672
01,M,age_40,17,721913
01,M,age_40,18,713190
01,M,age_40,19,700812
01,M,age_40,20,690763
01,M,age_40,21,683210
01,M,age_40,22,675267
01,M,age_40,23,667247
01,M,age_45,0,696030
01,M,age_45,1,694528
01,M,age_45,2,694170
01,M,age_45,3,694006
01,M,age_45,4,694220
01,M,age_45,5,695576
01,M,age_45,6,702628
01,M,age_45,7,720504
01,M,age_45,8,737049
01,M,age_45,9,747186
01,M,age_45,10,752412
01,M,age_45,11,755693
01,M,age_45,12,757269
01,M,age_45,13,758960
01,M,age_45,14,760263
01,M,age_45,15,759748
01,M,age_45,16,758991
01,M,age_45,17,756503
01,M,age_45,18,748321
01,M,age_45,19,736748
01,M,age_45,20,727702
01,M,age_45,21,720703
01,M,age_45,22,713076
01,M,age_45,23,706123
01,M,age_50,0,604586
01,M,age_50,1,603904
01,M,age_50,2,603550
01,M,age_50,3,603133
01,M,age_50,4,603394
01,M,age_50,5,605878
01,M,age_50,6,611905
01,M,age_50,7,623007
01,M,age_50,8,632141
01,M,age_50,9,639187
01,M,age_50,10,642852
01,M,age_50,11,644399
01,M,age_50,12,645884
01,M,age_50,13,647519
01,M,age_50,14,647648
01,M,age_50,15,648259
01,M,age_50,16,647553
01,M,age_50,17,646074
01,M,age_50,18,641692
01,M,age_50,19,634555
01,M,age_50,20,629057
01,M,age_50,21,624360
01,M,age_50,22,618639
01,M,age_50,23,611612
01,M,age_55,0,591628
01,M,age_55,1,591221
01,M,age_55,2,590759
01,M,age_55,3,590502
01,M,age_55,4,590908
01,M,age_55,5,592737
01,M,age_55,6,595270
01,M,age_55,7,600537
01,M,age_55,8,606183
01,M,age_55,9,610739
01,M,age_55,10,613208
01,M,age_55,11,612941
01,M,age_55,12,614462
01,M,age_55,13,616476
01,M,age_55,14,616907
01,M,age_55,15,618015
01,M,age_55,16,618288
01,M,age_55,17,619033
01,M,age_55,18,617203
01,M,age_55,19,613836
01,M,age_55,20,610430
01,M,age_55,21,606707
01,M,age_55,22,601821
01,M,age_55,23,597078
01,M,age_60,0,524921
01,M,age_60,1,524286
01,M,age_60,2,523764
01,M,age_60,3,523411
01,M,age_60,4,523999
01,M,age_60,5,525828
01,M,age_60,6,526133
01,M,age_60,7,527825
01,M,age_60,8,529478
01,M,age_60,9,532872
01,M,age_60,10,534581
01,M,age_60,11,535513
01,M,age_60,12,536123
01,M,age_60,13,538096
01,M,age_60,14,539618
01,M,age_60,15,540287
01,M,age_60,16,540879
01,M,age_60,17,542615
01,M,age_60,18,542190
01,M,age_60,19,540543
01,M,age_60,20,537617
01,M,age_60,21,534123
01,M,age_60,22,531073
01,M,age_60,23,527643
01,M,age_65,0,344554
01,M,age_65,1,344331
01,M,age_65,2,344075
01,M,age_65,3,344163
01,M,age_65,4,344353
01,M,age_65,5,345968
01,M,age_65,6,346922
01,M,age_65,7,347298
01,M,age_65,8,348498
01,M,age_65,9,351698
01,M,age_65,10,353728
01,M,age_65,11,354253
01,M,age_65,12,354699
01,M,age_65,13,356455
01,M,age_65,14,357469
01,M,age_65,15,357699
01,M,age_65,16,357253
01,M,age_65,17,356552
01,M,age_65,18,355874
01,M,age_65,19,354296
01,M,age_65,20,352376
01,M,age_65,21,350228
01,M,age_65,22,348179
01,M,age_65,23,346081
01,M,age_70,0,409965
01,M,age_70,1,409606
01,M,age_70,2,409485
01,M,age_70,3,409761
01,M,age_70,4,410141
01,M,age_70,5,411331
01,M,age_70,6,412949
01,M,age_70,7,413590
01,M,age_70,8,416323
01,M,age_70,9,420626
01,M,age_70,10,425019
01,M,age_70,11,428298
01,M,age_70,12,430494
01,M,age_70,13,432115
01,M,age_70,14,432384
01,M,age_70,15,430824
01,M,age_70,16,427917
01,M,age_70,17,425615
01,M,age_70,18,422804
01,M,age_70,19,419854
01,M,age_70,20,417525
01,M,age_70,21,415515
01,M,age_70,22,413895
01,M,age_70,23,411070
02,-,_,0,0
02,-,_,1,0
02,-,_,2,0
02,-,_,3,0
02,-,_,4,0
02,-,_,5,0
02,-,_,6,0
02,-,_,7,0
02,-,_,8,0
02,-,_,9,0
02,-,_,10,0
02,-,_,11,0
02,-,_,12,0
02,-,_,13,0
02,-,_,14,0
02,-,_,15,0
02,-,_,16,0
02,-,_,17,0
02,-,_,18,0
02,-,_,19,0
02,-,_,20,0
02,-,_,21,0
02,-,_,22,0
02,-,_,23,0
02,F,age_10,0,473020
02,F,age_10,1,472920
02,F,age_10,2,472798
02,F,age_10,3,472671
02,F,age_10,4,472707
02,F,age_10,5,472426
02,F,age_10,6,472326
02,F,age_10,7,472366
02,F,age_10,8,473366
02,F,age_10,9,474215
02,F,age_10,10,474979
02,F,age_10,11,475601
02,F,age_10,12,476287
02,F,age_10,13,476333
02,F,age_10,14,476727
02,F,age_10,15,476869
02,F,age_10,16,475957
02,F,age_10,17,474934
02,F,age_10,18,474960
02,F,age_10,19,474247
02,F,age_10,20,473563
02,F,age_10,21,472822
02,F,age_10,22,471515
02,F,age_10,23,472981
02,F,age_15,0,779870
02,F,age_15,1,778985
02,F,age_15,2,778326
02,F,age_15,3,778476
02,F,age_15,4,778336
02,F,age_15,5,778268
02,F,age_15,6,778782
02,F,age_15,7,782392
02,F,age_15,8,787584
02,F,age_15,9,794048
02,F,age_15,10,798972
02,F,age_15,11,804520
02,F,age_15,12,811132
02,F,age_15,13,818242
02,F,age_15,14,822725
02,F,age_15,15,825364
02,F,age_15,16,825241
02,F,age_15,17,825158
02,F,age_15,18,821601
02,F,age_15,19,816256
02,F,age_15,20,810447
02,F,age_15,21,803780
02,F,age_15,22,789190
02,F,age_15,23,781630
02,F,age_20,0,1893540
02,F,age_20,1,1890839
02,F,age_20,2,1888880
02,F,age_20,3,1887651
02,F,age_20,4,1887271
02,F,age_20,5,1886956
02,F,age_20,6,1890233
02,F,age_20,7,1914234
02,F,age_20,8,1964255
02,F,age_20,9,1995318
02,F,age_20,10,2010452
02,F,age_20,11,2025894
02,F,age_20,12,2042983
02,F,age_20,13,2057617
02,F,age_20,14,2066836
02,F,age_20,15,2073035
02,F,age_20,16,2074146
02,F,age_20,17,2070970
02,F,age_20,18,2053287
02,F,age_20,19,2019495
02,F,age_20,20,1995045
02,F,age_20,21,1969106
02,F,age_20,22,1934627
02,F,age_20,23,1904298
02,F,age_25,0,2320946
02,F,age_25,1,2316892
02,F,age_25,2,2314163
02,F,age_25,3,2312925
02,F,age_25,4,2311932
02,F,age_25,5,2311786
02,F,age_25,6,2319752
02,F,age_25,7,2372978
02,F,age_25,8,2468947
02,F,age_25,9,2516239
02,F,age_25,10,2531961
02,F,age_25,11,2546385
02,F,age_25,12,2559876
02,F,age_25,13,2568533
02,F,age_25,14,2572242
02,F,age_25,15,2572671
02,F,age_25,16,2570190
02,F,age_25,17,2564128
02,F,age_25,18,2528786
02,F,age_25,19,2466795
02,F,age_25,20,2430451
02,F,age_25,21,2399111
02,F,age_25,22,2363380
02,F,age_25,23,2331378
02,F,age_30,0,1841715
02,F,age_30,1,1840099
02,F,age_30,2,1838492
02,F,age_30,3,1837102
02,F,age_30,4,1837200
02,F,age_30,5,1837393
02,F,age_30,6,1843509
02,F,age_30,7,1881368
02,F,age_30,8,1939340
02,F,age_30,9,1971394
02,F,age_30,10,1983569
02,F,age_30,11,1991211
02,F,age_30,12,1996942
02,F,age_30,13,1998612
02,F,age_30,14,1998460
02,F,age_30,15,1995192
02,F,age_30,16,1992229
02,F,age_30,17,1984605
02,F,age_30,18,1960792
02,F,age_30,19,1919962
02,F,age_30,20,1896997
02,F,age_30,21,1879084
02,F,age_30,22,1861185
02,F,age_30,23,1845970
02,F,age_35,0,1740085
02,F,age_35,1,1739063
02,F,age_35,2,1737709
02,F,age_35,3,1736944
02,F,age_35,4,1736836
02,F,age_35,5,1736911
02,F,age_35,6,1743659
02,F,age_35,7,1771517
02,F,age_35,8,1809909
02,F,age_35,9,1834324
02,F,age_35,10,1845004
02,F,age_35,11,1849969
02,F,age_35,12,1853114
02,F,age_35,13,1854191
02,F,age_35,14,1851973
02,F,age_35,15,1848452
02,F,age_35,16,1843234
02,F,age_35,17,1835518
02,F,age_35,18,1816214
02,F,age_35,19,1788490
02,F,age_35,20,1773153
02,F,age_35,21,1761453
02,F,age_35,22,1750226
02,F,age_35,23,1742565
02,F,age_40,0,1506926
02,F,age_40,1,1506080
02,F,age_40,2,1505058
02,F,age_40,3,1504464
02,F,age_40,4,1504825
02,F,age_40,5,1505526
02,F,age_40,6,1510521
02,F,age_40,7,1530678
02,F,age_40,8,1557097
02,F,age_40,9,1575012
02,F,age_40,10,1582928
02,F,age_40,11,1585545
02,F,age_40,12,1588082
02,F,age_40,13,1589480
02,F,age_40,14,1588405
02,F,age_40,15,1586036
02,F,age_40,16,1581068
02,F,age_40,17,1574569
02,F,age_40,18,1559332
02,F,age_40,19,1539978
02,F,age_40,20,1529193
02,F,age_40,21,1521783
02,F,age_40,22,1513573
02,F,age_40,23,1508984
02,F,age_45,0,1725840
02,F,age_45,1,1725304
02,F,age_45,2,1724226
02,F,age_45,3,1723766
02,F,age_45,4,1723515
02,F,age_45,5,1724940
02,F,age_45,6,1729589
02,F,age_45,7,1746058
02,F,age_45,8,1771130
02,F,age_45,9,1787488
02,F,age_45,10,1796384
02,F,age_45,11,1798811
02,F,age_45,12,1800855
02,F,age_45,13,1802206
02,F,age_45,14,1801566
02,F,age_45,15,1799447
02,F,age_45,16,1796412
02,F,age_45,17,1790192
02,F,age_45,18,1777365
02,F,age_45,19,1760226
02,F,age_45,20,1750772
02,F,age_45,21,1744494
02,F,age_45,22,1734372
02,F,age_45,23,1727908
02,F,age_50,0,1729910
02,F,age_50,1,1728748
02,F,age_50,2,1728024
02,F,age_50,3,1727507
02,F,age_50,4,1727839
02,F,age_50,5,1729994
02,F,age_50,6,1735097
02,F,age_50,7,1747182
02,F,age_50,8,1767902
02,F,age_50,9,1782673
02,F,age_50,10,1790853
02,F,age_50,11,1793261
02,F,age_50,12,1792865
02,F,age_50,13,1794375
02,F,age_50,14,1793892
02,F,age_50,15,1791530
02,F,age_50,16,1788195
02,F,age_50,17,1783357
02,F,age_50,18,1774650
02,F,age_50,19,1762622
02,F,age_50,20,1753911
02,F,age_50,21,1746624
02,F,age_50,22,1737900
02,F,age_50,23,1731756
02,F,age_55,0,1706062
02,F,age_55,1,1705417
02,F,age_55,2,1704843
02,F,age_55,3,1704965
02,F,age_55,4,1705841
02,F,age_55,5,1708700
02,F,age_55,6,1712738
02,F,age_55,7,1720052
02,F,age_55,8,1737484
02,F,age_55,9,1752335
02,F,age_55,10,1758695
02,F,age_55,11,1759390
02,F,age_55,12,1758414
02,F,age_55,13,1758599
02,F,age_55,14,1759012
02,F,age_55,15,1755845
02,F,age_55,16,1751866
02,F,age_55,17,1747701
02,F,age_55,18,1741844
02,F,age_55,19,1733922
02,F,age_55,20,1728049
02,F,age_55,21,1721273
02,F,age_55,22,1714133
02,F,age_55,23,1707370
02,F,age_60,0,1458100
02,F,age_60,1,1457686
02,F,age_60,2,1457357
02,F,age_60,3,1457118
02,F,age_60,4,1458897
02,F,age_60,5,1462109
02,F,age_60,6,1464994
02,F,age_60,7,1470001
02,F,age_60,8,1481621
02,F,age_60,9,1492111
02,F,age_60,10,1498727
02,F,age_60,11,1498724
02,F,age_60,12,1497480
02,F,age_60,13,1497696
02,F,age_60,14,1497350
02,F,age_60,15,1494856
02,F,age_60,16,1489768
02,F,age_60,17,1484899
02,F,age_60,18,1481700
02,F,age_60,19,1475361
02,F,age_60,20,1471943
02,F,age_60,21,1467266
02,F,age_60,22,1462610
02,F,age_60,23,1459015
02,F,age_65,0,917493
02,F,age_65,1,917453
02,F,age_65,2,917165
02,F,age_65,3,917347
02,F,age_65,4,918326
02,F,age_65,5,920031
02,F,age_65,6,921655
02,F,age_65,7,924781
02,F,age_65,8,930402
02,F,age_65,9,936860
02,F,age_65,10,940723
02,F,age_65,11,940880
02,F,age_65,12,940143
02,F,age_65,13,940373
02,F,age_65,14,939637
02,F,age_65,15,937764
02,F,age_65,16,934036
02,F,age_65,17,932340
02,F,age_65,18,928936
02,F,age_65,19,926031
02,F,age_65,20,923143
02,F,age_65,21,921008
02,F,age_65,22,918250
02,F,age_65,23,917888
02,F,age_70,0,1058481
02,F,age_70,1,1058497
02,F,age_70,2,1058208
02,F,age_70,3,1058167
02,F,age_70,4,1058326
02,F,age_70,5,1059716
02,F,age_70,6,1061326
02,F,age_70,7,1064014
02,F,age_70,8,1069190
02,F,age_70,9,1075177
02,F,age_70,10,1080944
02,F,age_70,11,1082236
02,F,age_70,12,1081971
02,F,age_70,13,1082311
02,F,age_70,14,1080704
02,F,age_70,15,1077676
02,F,age_70,16,1073849
02,F,age_70,17,1070658
02,F,age_70,18,1067868
02,F,age_70,19,1065088
02,F,age_70,20,1062913
02,F,age_70,21,1060857
02,F,age_70,22,1059471
02,F,age_70,23,1059268
02,M,age_10,0,468898
02,M,age_10,1,468755
02,M,age_10,2,468752
02,M,age_10,3,468821
02,M,age_10,4,468746
02,M,age_10,5,468631
02,M,age_10,6,468573
02,M,age_10,7,468306
02,M,age_10,8,468960
02,M,age_10,9,469252
02,M,age_10,10,469475
02,M,age_10,11,470147
02,M,age_10,12,470242
02,M,age_10,13,471182
02,M,age_10,14,470695
02,M,age_10,15,470460
02,M,age_10,16,470316
02,M,age_10,17,470046
02,M,age_10,18,470098
02,M,age_10,19,469243
02,M,age_10,20,469100
02,M,age_10,21,468595
02,M,age_10,22,467474
02,M,age_10,23,469256
02,M,age_15,0,784568
02,M,age_15,1,784080
02,M,age_15,2,784235
02,M,age_15,3,783639
02,M,age_15,4,783670
02,M,age_15,5,783572
02,M,age_15,6,783955
02,M,age_15,7,786114
02,M,age_15,8,789432
02,M,age_15,9,793301
02,M,age_15,10,795726
02,M,age_15,11,798936
02,M,age_15,12,802902
02,M,age_15,13,806150
02,M,age_15,14,809162
02,M,age_15,15,810463
02,M,age_15,16,810083
02,M,age_15,17,810908
02,M,age_15,18,809844
02,M,age_15,19,806945
02,M,age_15,20,803919
02,M,age_15,21,800481
02,M,age_15,22,791629
02,M,age_15,23,786394
02,M,age_20,0,1406635
02,M,age_20,1,1403967
02,M,age_20,2,1402835
02,M,age_20,3,1401353
02,M,age_20,4,1400530
02,M,age_20,5,1400223
02,M,age_20,6,1398818
02,M,age_20,7,1403063
02,M,age_20,8,1418014
02,M,age_20,9,1430527
02,M,age_20,10,1436376
02,M,age_20,11,1443987
02,M,age_20,12,1451766
02,M,age_20,13,1459068
02,M,age_20,14,1463814
02,M,age_20,15,1465753
02,M,age_20,16,1466675
02,M,age_20,17,1467098
02,M,age_20,18,1465962
02,M,age_20,19,1458842
02,M,age_20,20,1451879
02,M,age_20,21,1442179
02,M,age_20,22,1428697
02,M,age_20,23,1414152
02,M,age_25,0,2186019
02,M,age_25,1,2181518
02,M,age_25,2,2178415
02,M,age_25,3,2176740
02,M,age_25,4,2174695
02,M,age_25,5,2174352
02,M,age_25,6,2176468
02,M,age_25,7,2204366
02,M,age_25,8,2249079
02,M,age_25,9,2272988
02,M,age_25,10,2282954
02,M,age_25,11,2291078
02,M,age_25,12,2300541
02,M,age_25,13,2306525
02,M,age_25,14,2310317
02,M,age_25,15,2312120
02,M,age_25,16,2313363
02,M,age_25,17,2315069
02,M,age_25,18,2308232
02,M,age_25,19,2284055
02,M,age_25,20,2266396
02,M,age_25,21,2246315
02,M,age_25,22,2222184
02,M,age_25,23,2196522
02,M,age_30,0,1901072
02,M,age_30,1,1897554
02,M,age_30,2,1894767
02,M,age_30,3,1891846
02,M,age_30,4,1890715
02,M,age_30,5,1890510
02,M,age_30,6,1893561
02,M,age_30,7,1928082
02,M,age_30,8,1973314
02,M,age_30,9,1994212
02,M,age_30,10,2003248
02,M,age_30,11,2007690
02,M,age_30,12,2012553
02,M,age_30,13,2015922
02,M,age_30,14,2017530
02,M,age_30,15,2017937
02,M,age_30,16,2018561
02,M,age_30,17,2019006
02,M,age_30,18,2009302
02,M,age_30,19,1979489
02,M,age_30,20,1960631
02,M,age_30,21,1944174
02,M,age_30,22,1925530
02,M,age_30,23,1909216
02,M,age_35,0,1942474
02,M,age_35,1,1937747
02,M,age_35,2,1934423
02,M,age_35,3,1932454
02,M,age_35,4,1932331
02,M,age_35,5,1932904
02,M,age_35,6,1946900
02,M,age_35,7,1996386
02,M,age_35,8,2051232
02,M,age_35,9,2080753
02,M,age_35,10,2093321
02,M,age_35,11,2099478
02,M,age_35,12,2102225
02,M,age_35,13,2104243
02,M,age_35,14,2103980
02,M,age_35,15,2104147
02,M,age_35,16,2102012
02,M,age_35,17,2097266
02,M,age_35,18,2074123
02,M,age_35,19,2031585
02,M,age_35,20,2005404
02,M,age_35,21,1987728
02,M,age_35,22,1966845
02,M,age_35,23,1949946
02,M,age_40,0,1700601
02,M,age_40,1,1697520
02,M,age_40,2,1694342
02,M,age_40,3,1693083
02,M,age_40,4,1692865
02,M,age_40,5,1695589
02,M,age_40,6,1710958
02,M,age_40,7,1752740
02,M,age_40,8,1794897
02,M,age_40,9,1819696
02,M,age_40,10,1830651
02,M,age_40,11,1833998
02,M,age_40,12,1836773
02,M,age_40,13,1838673
02,M,age_40,14,1837784
02,M,age_40,15,1836378
02,M,age_40,16,1834634
02,M,age_40,17,1828779
02,M,age_40,18,1809859
02,M,age_40,19,1777039
02,M,age_40,20,1754846
02,M,age_40,21,1738428
02,M,age_40,22,1723198
02,M,age_40,23,1708864
02,M,age_45,0,1788510
02,M,age_45,1,1785629
02,M,age_45,2,1782606
02,M,age_45,3,1781602
02,M,age_45,4,1782885
02,M,age_45,5,1787220
02,M,age_45,6,1804171
02,M,age_45,7,1842886
02,M,age_45,8,1877648
02,M,age_45,9,1897407
02,M,age_45,10,1906236
02,M,age_45,11,1908296
02,M,age_45,12,1911463
02,M,age_45,13,1913946
02,M,age_45,14,1913348
02,M,age_45,15,1911451
02,M,age_45,16,1910692
02,M,age_45,17,1904430
02,M,age_45,18,1887203
02,M,age_45,19,1858654
02,M,age_45,20,1838250
02,M,age_45,21,1822993
02,M,age_45,22,1806530
02,M,age_45,23,1794411
02,M,age_50,0,1543948
02,M,age_50,1,1541643
02,M,age_50,2,1540872
02,M,age_50,3,1540300
02,M,age_50,4,1541751
02,M,age_50,5,1547628
02,M,age_50,6,1559799
02,M,age_50,7,1582443
02,M,age_50,8,1601048
02,M,age_50,9,1613605
02,M,age_50,10,1620301
02,M,age_50,11,1619718
02,M,age_50,12,1620868
02,M,age_50,13,1622133
02,M,age_50,14,1622202
02,M,age_50,15,1621454
02,M,age_50,16,1621617
02,M,age_50,17,1621660
02,M,age_50,18,1611037
02,M,age_50,19,1593421
02,M,age_50,20,1582891
02,M,age_50,21,1573285
02,M,age_50,22,1560311
02,M,age_50,23,1549196
02,M,age_55,0,1487799
02,M,age_55,1,1486657
02,M,age_55,2,1485590
02,M,age_55,3,1484679
02,M,age_55,4,1486104
02,M,age_55,5,1491122
02,M,age_55,6,1497354
02,M,age_55,7,1506609
02,M,age_55,8,1518420
02,M,age_55,9,1527684
02,M,age_55,10,1531859
02,M,age_55,11,1530497
02,M,age_55,12,1528486
02,M,age_55,13,1530451
02,M,age_55,14,1530885
02,M,age_55,15,1530350
02,M,age_55,16,1532225
02,M,age_55,17,1535641
02,M,age_55,18,1531618
02,M,age_55,19,1523635
02,M,age_55,20,1517054
02,M,age_55,21,1509748
02,M,age_55,22,1501264
02,M,age_55,23,1491878
02,M,age_60,0,1311449
02,M,age_60,1,1310298
02,M,age_60,2,1309231
02,M,age_60,3,1308432
02,M,age_60,4,1310314
02,M,age_60,5,1313584
02,M,age_60,6,1314708
02,M,age_60,7,1315436
02,M,age_60,8,1318470
02,M,age_60,9,1325728
02,M,age_60,10,1328058
02,M,age_60,11,1328220
02,M,age_60,12,1326155
02,M,age_60,13,1327277
02,M,age_60,14,1329343
02,M,age_60,15,1329880
02,M,age_60,16,1333435
02,M,age_60,17,1337374
02,M,age_60,18,1337655
02,M,age_60,19,1334300
02,M,age_60,20,1331210
02,M,age_60,21,1326466
02,M,age_60,22,1320620
02,M,age_60,23,1314226
02,M,age_65,0,864280
02,M,age_65,1,863977
02,M,age_65,2,863258
02,M,age_65,3,863130
02,M,age_65,4,863996
02,M,age_65,5,866450
02,M,age_65,6,868126
02,M,age_65,7,868103
02,M,age_65,8,870526
02,M,age_65,9,874102
02,M,age_65,10,877087
02,M,age_65,11,876043
02,M,age_65,12,875294
02,M,age_65,13,877159
02,M,age_65,14,878932
02,M,age_65,15,879445
02,M,age_65,16,880536
02,M,age_65,17,880430
02,M,age_65,18,880151
02,M,age_65,19,878057
02,M,age_65,20,874288
02,M,age_65,21,871159
02,M,age_65,22,867897
02,M,age_65,23,865176
02,M,age_70,0,1031630
02,M,age_70,1,1031351
02,M,age_70,2,1030995
02,M,age_70,3,1031072
02,M,age_70,4,1032254
02,M,age_70,5,1034912
02,M,age_70,6,1037309
02,M,age_70,7,1038164
02,M,age_70,8,1042727
02,M,age_70,9,1048556
02,M,age_70,10,1053376
02,M,age_70,11,1056265
02,M,age_70,12,1056408
02,M,age_70,13,1057563
02,M,age_70,14,1058348
02,M,age_70,15,1057494
02,M,age_70,16,1055251
02,M,age_70,17,1051655
02,M,age_70,18,1048508
02,M,age_70,19,1044596
02,M,age_70,20,1041500
02,M,age_70,21,1038284
02,M,age_70,22,1035122
02,M,age_70,23,1032422
03,-,_,0,0
03,-,_,1,0
03,-,_,2,0
03,-,_,3,0
03,-,_,4,0
03,-,_,5,0
03,-,_,6,0
03,-,_,7,0
03,-,_,8,0
03,-,_,9,0
03,-,_,10,0
03,-,_,11,0
03,-,_,12,0
03,-,_,13,0
03,-,_,14,0
03,-,_,15,0
03,-,_,16,0
03,-,_,17,0
03,-,_,18,0
03,-,_,19,0
03,-,_,20,0
03,-,_,21,0
03,-,_,22,0
03,-,_,23,0
03,F,age_10,0,502609
03,F,age_10,1,502419
03,F,age_10,2,502273
03,F,age_10,3,502336
03,F,age_10,4,502053
03,F,age_10,5,502189
03,F,age_10,6,502019
03,F,age_10,7,502097
03,F,age_10,8,501731
03,F,age_10,9,501962
03,F,age_10,10,501997
03,F,age_10,11,501456
03,F,age_10,12,500506
03,F,age_10,13,499838
03,F,age_10,14,499754
03,F,age_10,15,499438
03,F,age_10,16,500040
03,F,age_10,17,500230
03,F,age_10,18,500505
03,F,age_10,19,501004
03,F,age_10,20,500891
03,F,age_10,21,500355
03,F,age_10,22,499909
03,F,age_10,23,503246
03,F,age_15,0,824829
03,F,age_15,1,824520
03,F,age_15,2,824328
03,F,age_15,3,824412
03,F,age_15,4,824353
03,F,age_15,5,824123
03,F,age_15,6,824681
03,F,age_15,7,826690
03,F,age_15,8,829232
03,F,age_15,9,832081
03,F,age_15,10,834548
03,F,age_15,11,836591
03,F,age_15,12,838718
03,F,age_15,13,841989
03,F,age_15,14,844029
03,F,age_15,15,845663
03,F,age_15,16,845302
03,F,age_15,17,845897
03,F,age_15,18,843396
03,F,age_15,19,840798
03,F,age_15,20,837396
03,F,age_15,21,833727
03,F,age_15,22,828372
03,F,age_15,23,827111
03,F,age_20,0,2006463
03,F,age_20,1,2005329
03,F,age_20,2,2004147
03,F,age_20,3,2003744
03,F,age_20,4,2003546
03,F,age_20,5,2005003
03,F,age_20,6,2009098
03,F,age_20,7,2030796
03,F,age_20,8,2073193
03,F,age_20,9,2104300
03,F,age_20,10,2116410
03,F,age_20,11,2126499
03,F,age_20,12,2136845
03,F,age_20,13,2147534
03,F,age_20,14,2154693
03,F,age_20,15,2156591
03,F,age_20,16,2155935
03,F,age_20,17,2150453
03,F,age_20,18,2126681
03,F,age_20,19,2096518
03,F,age_20,20,2073819
03,F,age_20,21,2052562
03,F,age_20,22,2029344
03,F,age_20,23,2015290
03,F,age_25,0,2470177
03,F,age_25,1,2468307
03,F,age_25,2,2466623
03,F,age_25,3,2466198
03,F,age_25,4,2465667
03,F,age_25,5,2467596
03,F,age_25,6,2476041
03,F,age_25,7,2522306
03,F,age_25,8,2606526
03,F,age_25,9,2658443
03,F,age_25,10,2673806
03,F,age_25,11,2681730
03,F,age_25,12,2690154
03,F,age_25,13,2695723
03,F,age_25,14,2697445
03,F,age_25,15,2695486
03,F,age_25,16,2691668
03,F,age_25,17,2680155
03,F,age_25,18,2637037
03,F,age_25,19,2581687
03,F,age_25,20,2549017
03,F,age_25,21,2523406
03,F,age_25,22,2497594
03,F,age_25,23,2481468
03,F,age_30,0,1973139
03,F,age_30,1,1971081
03,F,age_30,2,1970210
03,F,age_30,3,1969671
03,F,age_30,4,1969702
03,F,age_30,5,1970127
03,F,age_30,6,1976601
03,F,age_30,7,2008008
03,F,age_30,8,2058114
03,F,age_30,9,2089334
03,F,age_30,10,2098799
03,F,age_30,11,2100731
03,F,age_30,12,2099741
03,F,age_30,13,2100213
03,F,age_30,14,2097852
03,F,age_30,15,2094903
03,F,age_30,16,2091106
03,F,age_30,17,2084439
03,F,age_30,18,2058798
03,F,age_30,19,2026278
03,F,age_30,20,2008642
03,F,age_30,21,1997421
03,F,age_30,22,1985517
03,F,age_30,23,1978934
03,F,age_35,0,1854701
03,F,age_35,1,1853870
03,F,age_35,2,1853027
03,F,age_35,3,1852436
03,F,age_35,4,1852214
03,F,age_35,5,1853100
03,F,age_35,6,1859235
03,F,age_35,7,1883175
03,F,age_35,8,1915956
03,F,age_35,9,1937429
03,F,age_35,10,1944832
03,F,age_35,11,1944282
03,F,age_35,12,1940843
03,F,age_35,13,1939715
03,F,age_35,14,1937822
03,F,age_35,15,1935222
03,F,age_35,16,1931738
03,F,age_35,17,1927283
03,F,age_35,18,1908060
03,F,age_35,19,1887502
03,F,age_35,20,1875961
03,F,age_35,21,1868827
03,F,age_35,22,1862288
03,F,age_35,23,1858558
03,F,age_40,0,1610446
03,F,age_40,1,1609376
03,F,age_40,2,1609292
03,F,age_40,3,1608981
03,F,age_40,4,1609070
03,F,age_40,5,1609628
03,F,age_40,6,1615900
03,F,age_40,7,1635473
03,F,age_40,8,1657286
03,F,age_40,9,1673845
03,F,age_40,10,1678712
03,F,age_40,11,1678363
03,F,age_40,12,1676839
03,F,age_40,13,1675349
03,F,age_40,14,1674230
03,F,age_40,15,1672336
03,F,age_40,16,1668920
03,F,age_40,17,1665356
03,F,age_40,18,1650135
03,F,age_40,19,1635502
03,F,age_40,20,1627134
03,F,age_40,21,1621755
03,F,age_40,22,1615844
03,F,age_40,23,1612984
03,F,age_45,0,1832290
03,F,age_45,1,1830810
03,F,age_45,2,1830190
03,F,age_45,3,1829856
03,F,age_45,4,1830068
03,F,age_45,5,1830584
03,F,age_45,6,1835015
03,F,age_45,7,1853749
03,F,age_45,8,1876883
03,F,age_45,9,1892432
03,F,age_45,10,1897085
03,F,age_45,11,1895371
03,F,age_45,12,1894117
03,F,age_45,13,1892306
03,F,age_45,14,1890223
03,F,age_45,15,1888586
03,F,age_45,16,1887733
03,F,age_45,17,1884017
03,F,age_45,18,1871123
03,F,age_45,19,1856064
03,F,age_45,20,1848354
03,F,age_45,21,1843316
03,F,age_45,22,1836741
03,F,age_45,23,1833485
03,F,age_50,0,1851029
03,F,age_50,1,1851068
03,F,age_50,2,1849934
03,F,age_50,3,1849578
03,F,age_50,4,1850199
03,F,age_50,5,1851765
03,F,age_50,6,1855088
03,F,age_50,7,1866804
03,F,age_50,8,1886174
03,F,age_50,9,1901880
03,F,age_50,10,1903565
03,F,age_50,11,1899119
03,F,age_50,12,1895071
03,F,age_50,13,1894887
03,F,age_50,14,1894280
03,F,age_50,15,1893117
03,F,age_50,16,1891188
03,F,age_50,17,1890100
03,F,age_50,18,1881303
03,F,age_50,19,1872789
03,F,age_50,20,1866421
03,F,age_50,21,1862423
03,F,age_50,22,1856913
03,F,age_50,23,1852738
03,F,age_55,0,1829500
03,F,age_55,1,1829348
03,F,age_55,2,1828433
03,F,age_55,3,1828137
03,F,age_55,4,1828959
03,F,age_55,5,1831022
03,F,age_55,6,1834521
03,F,age_55,7,1842352
03,F,age_55,8,1858858
03,F,age_55,9,1870509
03,F,age_55,10,1870984
03,F,age_55,11,1863980
03,F,age_55,12,1858596
03,F,age_55,13,1856714
03,F,age_55,14,1856746
03,F,age_55,15,1856025
03,F,age_55,16,1856539
03,F,age_55,17,1855760
03,F,age_55,18,1852787
03,F,age_55,19,1845938
03,F,age_55,20,1842200
03,F,age_55,21,1838941
03,F,age_55,22,1833628
03,F,age_55,23,1831303
03,F,age_60,0,1562222
03,F,age_60,1,1561961
03,F,age_60,2,1561412
03,F,age_60,3,1561264
03,F,age_60,4,1562183
03,F,age_60,5,1564643
03,F,age_60,6,1566626
03,F,age_60,7,1570480
03,F,age_60,8,1578014
03,F,age_60,9,1585927
03,F,age_60,10,1585957
03,F,age_60,11,1579935
03,F,age_60,12,1576250
03,F,age_60,13,1575280
03,F,age_60,14,1574533
03,F,age_60,15,1575247
03,F,age_60,16,1575616
03,F,age_60,17,1575128
03,F,age_60,18,1574722
03,F,age_60,19,1571554
03,F,age_60,20,1569559
03,F,age_60,21,1566940
03,F,age_60,22,1563669
03,F,age_60,23,1563340
03,F,age_65,0,996777
03,F,age_65,1,997029
03,F,age_65,2,996799
03,F,age_65,3,996792
03,F,age_65,4,997269
03,F,age_65,5,998899
03,F,age_65,6,1000740
03,F,age_65,7,1003504
03,F,age_65,8,1007867
03,F,age_65,9,1011719
03,F,age_65,10,1012095
03,F,age_65,11,1009090
03,F,age_65,12,1006510
03,F,age_65,13,1005883
03,F,age_65,14,1005037
03,F,age_65,15,1003845
03,F,age_65,16,1004028
03,F,age_65,17,1004415
03,F,age_65,18,1003542
03,F,age_65,19,1002612
03,F,age_65,20,1001131
03,F,age_65,21,1000278
03,F,age_65,22,998490
03,F,age_65,23,998287
03,F,age_70,0,1139888
03,F,age_70,1,1139517
03,F,age_70,2,1139386
03,F,age_70,3,1139120
03,F,age_70,4,1139329
03,F,age_70,5,1140597
03,F,age_70,6,1141371
03,F,age_70,7,1143080
03,F,age_70,8,1146469
03,F,age_70,9,1149956
03,F,age_70,10,1151123
03,F,age_70,11,1149513
03,F,age_70,12,1147452
03,F,age_70,13,1147460
03,F,age_70,14,1146393
03,F,age_70,15,1146207
03,F,age_70,16,1145100
03,F,age_70,17,1144335
03,F,age_70,18,1143869
03,F,age_70,19,1143006
03,F,age_70,20,1142023
03,F,age_70,21,1140470
03,F,age_70,22,1139318
03,F,age_70,23,1141145
03,M,age_10,0,500161
03,M,age_10,1,499850
03,M,age_10,2,499621
03,M,age_10,3,499357
03,M,age_10,4,499342
03,M,age_10,5,499457
03,M,age_10,6,499237
03,M,age_10,7,499253
03,M,age_10,8,499004
03,M,age_10,9,498796
03,M,age_10,10,498413
03,M,age_10,11,497492
03,M,age_10,12,496974
03,M,age_10,13,496351
03,M,age_10,14,496451
03,M,age_10,15,496487
03,M,age_10,16,496905
03,M,age_10,17,497353
03,M,age_10,18,497658
03,M,age_10,19,498090
03,M,age_10,20,498417
03,M,age_10,21,497452
03,M,age_10,22,497251
03,M,age_10,23,501005
03,M,age_15,0,835556
03,M,age_15,1,835317
03,M,age_15,2,835193
03,M,age_15,3,834970
03,M,age_15,4,834963
03,M,age_15,5,835292
03,M,age_15,6,835657
03,M,age_15,7,835710
03,M,age_15,8,836372
03,M,age_15,9,838388
03,M,age_15,10,839418
03,M,age_15,11,840938
03,M,age_15,12,842000
03,M,age_15,13,843719
03,M,age_15,14,844381
03,M,age_15,15,845420
03,M,age_15,16,846337
03,M,age_15,17,846046
03,M,age_15,18,846636
03,M,age_15,19,844650
03,M,age_15,20,842318
03,M,age_15,21,840168
03,M,age_15,22,836524
03,M,age_15,23,836453
03,M,age_20,0,1481948
03,M,age_20,1,1481146
03,M,age_20,2,1480103
03,M,age_20,3,1480651
03,M,age_20,4,1480850
03,M,age_20,5,1481697
03,M,age_20,6,1482189
03,M,age_20,7,1486293
03,M,age_20,8,1496834
03,M,age_20,9,1506641
03,M,age_20,10,1512526
03,M,age_20,11,1517310
03,M,age_20,12,1521091
03,M,age_20,13,1526929
03,M,age_20,14,1530596
03,M,age_20,15,1531099
03,M,age_20,16,1531298
03,M,age_20,17,1531673
03,M,age_20,18,1528690
03,M,age_20,19,1520314
03,M,age_20,20,1512314
03,M,age_20,21,1504970
03,M,age_20,22,1493828
03,M,age_20,23,1487167
03,M,age_25,0,2337912
03,M,age_25,1,2334913
03,M,age_25,2,2332872
03,M,age_25,3,2331602
03,M,age_25,4,2331412
03,M,age_25,5,2332065
03,M,age_25,6,2335329
03,M,age_25,7,2358011
03,M,age_25,8,2397961
03,M,age_25,9,2423657
03,M,age_25,10,2433280
03,M,age_25,11,2439402
03,M,age_25,12,2444923
03,M,age_25,13,2449761
03,M,age_25,14,2451981
03,M,age_25,15,2453482
03,M,age_25,16,2454368
03,M,age_25,17,2453967
03,M,age_25,18,2443964
03,M,age_25,19,2419114
03,M,age_25,20,2401748
03,M,age_25,21,2383438
03,M,age_25,22,2361392
03,M,age_25,23,2345888
03,M,age_30,0,2044454
03,M,age_30,1,2041440
03,M,age_30,2,2039592
03,M,age_30,3,2038460
03,M,age_30,4,2038001
03,M,age_30,5,2038373
03,M,age_30,6,2041776
03,M,age_30,7,2069065
03,M,age_30,8,2107194
03,M,age_30,9,2131675
03,M,age_30,10,2138858
03,M,age_30,11,2141097
03,M,age_30,12,2142800
03,M,age_30,13,2143442
03,M,age_30,14,2143315
03,M,age_30,15,2142161
03,M,age_30,16,2142116
03,M,age_30,17,2141392
03,M,age_30,18,2130267
03,M,age_30,19,2102193
03,M,age_30,20,2086075
03,M,age_30,21,2074177
03,M,age_30,22,2062168
03,M,age_30,23,2051104
03,M,age_35,0,2081995
03,M,age_35,1,2078482
03,M,age_35,2,2076243
03,M,age_35,3,2074848
03,M,age_35,4,2074992
03,M,age_35,5,2075170
03,M,age_35,6,2089434
03,M,age_35,7,2132979
03,M,age_35,8,2180865
03,M,age_35,9,2212255
03,M,age_35,10,2222036
03,M,age_35,11,2223357
03,M,age_35,12,2223027
03,M,age_35,13,2223967
03,M,age_35,14,2222626
03,M,age_35,15,2221119
03,M,age_35,16,2219765
03,M,age_35,17,2215955
03,M,age_35,18,2193232
03,M,age_35,19,2156020
03,M,age_35,20,2132477
03,M,age_35,21,2117809
03,M,age_35,22,2103214
03,M,age_35,23,2090356
03,M,age_40,0,1825163
03,M,age_40,1,1822099
03,M,age_40,2,1820530
03,M,age_40,3,1819201
03,M,age_40,4,1819118
03,M,age_40,5,1820385
03,M,age_40,6,1836079
03,M,age_40,7,1877345
03,M,age_40,8,1915443
03,M,age_40,9,1942690
03,M,age_40,10,1951841
03,M,age_40,11,1952107
03,M,age_40,12,1951143
03,M,age_40,13,1952455
03,M,age_40,14,1950885
03,M,age_40,15,1950478
03,M,age_40,16,1948524
03,M,age_40,17,1944215
03,M,age_40,18,1923562
03,M,age_40,19,1892474
03,M,age_40,20,1872516
03,M,age_40,21,1858180
03,M,age_40,22,1843714
03,M,age_40,23,1832602
03,M,age_45,0,1911882
03,M,age_45,1,1909520
03,M,age_45,2,1907705
03,M,age_45,3,1907034
03,M,age_45,4,1908328
03,M,age_45,5,1910988
03,M,age_45,6,1927272
03,M,age_45,7,1965611
03,M,age_45,8,1997882
03,M,age_45,9,2019850
03,M,age_45,10,2025287
03,M,age_45,11,2022982
03,M,age_45,12,2023995
03,M,age_45,13,2024423
03,M,age_45,14,2024080
03,M,age_45,15,2023034
03,M,age_45,16,2023215
03,M,age_45,17,2018262
03,M,age_45,18,1999308
03,M,age_45,19,1973016
03,M,age_45,20,1954755
03,M,age_45,21,1942004
03,M,age_45,22,1928615
03,M,age_45,23,1917994
03,M,age_50,0,1654891
03,M,age_50,1,1653249
03,M,age_50,2,1652363
03,M,age_50,3,1651812
03,M,age_50,4,1653120
03,M,age_50,5,1657062
03,M,age_50,6,1669016
03,M,age_50,7,1691792
03,M,age_50,8,1710118
03,M,age_50,9,1721737
03,M,age_50,10,1723452
03,M,age_50,11,1718030
03,M,age_50,12,1716843
03,M,age_50,13,1717379
03,M,age_50,14,1718523
03,M,age_50,15,1718628
03,M,age_50,16,1718770
03,M,age_50,17,1718060
03,M,age_50,18,1707563
03,M,age_50,19,1693090
03,M,age_50,20,1685367
03,M,age_50,21,1678153
03,M,age_50,22,1667938
03,M,age_50,23,1659159
03,M,age_55,0,1594030
03,M,age_55,1,1592076
03,M,age_55,2,1590798
03,M,age_55,3,1591072
03,M,age_55,4,1592151
03,M,age_55,5,1596243
03,M,age_55,6,1600537
03,M,age_55,7,1610180
03,M,age_55,8,1619240
03,M,age_55,9,1626633
03,M,age_55,10,1625204
03,M,age_55,11,1617715
03,M,age_55,12,1613672
03,M,age_55,13,1614675
03,M,age_55,14,1615497
03,M,age_55,15,1616948
03,M,age_55,16,1619224
03,M,age_55,17,1624672
03,M,age_55,18,1622982
03,M,age_55,19,1617980
03,M,age_55,20,1614068
03,M,age_55,21,1609864
03,M,age_55,22,1603387
03,M,age_55,23,1596976
03,M,age_60,0,1408592
03,M,age_60,1,1407184
03,M,age_60,2,1406416
03,M,age_60,3,1405891
03,M,age_60,4,1407160
03,M,age_60,5,1409093
03,M,age_60,6,1408984
03,M,age_60,7,1408383
03,M,age_60,8,1412675
03,M,age_60,9,1417386
03,M,age_60,10,1413924
03,M,age_60,11,1407011
03,M,age_60,12,1402034
03,M,age_60,13,1402189
03,M,age_60,14,1403961
03,M,age_60,15,1406811
03,M,age_60,16,1411010
03,M,age_60,17,1419520
03,M,age_60,18,1421249
03,M,age_60,19,1421437
03,M,age_60,20,1420525
03,M,age_60,21,1419060
03,M,age_60,22,1415491
03,M,age_60,23,1410775
03,M,age_65,0,934010
03,M,age_65,1,933486
03,M,age_65,2,933022
03,M,age_65,3,932894
03,M,age_65,4,933393
03,M,age_65,5,935107
03,M,age_65,6,935924
03,M,age_65,7,936519
03,M,age_65,8,937818
03,M,age_65,9,940172
03,M,age_65,10,939304
03,M,age_65,11,935055
03,M,age_65,12,931689
03,M,age_65,13,932286
03,M,age_65,14,933819
03,M,age_65,15,936937
03,M,age_65,16,939507
03,M,age_65,17,942697
03,M,age_65,18,942895
03,M,age_65,19,942911
03,M,age_65,20,941730
03,M,age_65,21,939762
03,M,age_65,22,937941
03,M,age_65,23,935777
03,M,age_70,0,1106428
03,M,age_70,1,1106192
03,M,age_70,2,1106199
03,M,age_70,3,1106024
03,M,age_70,4,1106561
03,M,age_70,5,1108845
03,M,age_70,6,1109767
03,M,age_70,7,1111028
03,M,age_70,8,1112607
03,M,age_70,9,1116949
03,M,age_70,10,1117656
03,M,age_70,11,1115459
03,M,age_70,12,1112920
03,M,age_70,13,1113459
03,M,age_70,14,1113741
03,M,age_70,15,1114851
03,M,age_70,16,1115053
03,M,age_70,17,1115376
03,M,age_70,18,1114470
03,M,age_70,19,1112954
03,M,age_70,20,1110569
03,M,age_70,21,1108528
03,M,age_70,22,1107104
03,M,age_70,23,1107302
04,-,_,0,0
04,-,_,1,0
04,-,_,2,0
04,-,_,3,0
04,-,_,4,0
04,-,_,5,0
04,-,_,6,0
04,-,_,7,0
04,-,_,8,0
04,-,_,9,0
04,-,_,10,0
04,-,_,11,0
04,-,_,12,0
04,-,_,13,0
04,-,_,14,0
04,-,_,15,0
04,-,_,16,0
04,-,_,17,0
04,-,_,18,0
04,-,_,19,0
04,-,_,20,0
04,-,_,21,0
04,-,_,22,0
04,-,_,23,0
04,F,age_10,0,504935
04,F,age_10,1,504714
04,F,age_10,2,504665
04,F,age_10,3,504580
04,F,age_10,4,504756
04,F,age_10,5,504499
04,F,age_10,6,504315
04,F,age_10,7,503729
04,F,age_10,8,503428
04,F,age_10,9,503394
04,F,age_10,10,503005
04,F,age_10,11,502386
04,F,age_10,12,502178
04,F,age_10,13,502569
04,F,age_10,14,502187
04,F,age_10,15,502848
04,F,age_10,16,502710
04,F,age_10,17,503141
04,F,age_10,18,502994
04,F,age_10,19,503261
04,F,age_10,20,502650
04,F,age_10,21,501719
04,F,age_10,22,500656
04,F,age_10,23,503251
04,F,age_15,0,826231
04,F,age_15,1,826000
04,F,age_15,2,825851
04,F,age_15,3,825712
04,F,age_15,4,825499
04,F,age_15,5,825002
04,F,age_15,6,825915
04,F,age_15,7,829819
04,F,age_15,8,834145
04,F,age_15,9,837382
04,F,age_15,10,841207
04,F,age_15,11,845533
04,F,age_15,12,850167
04,F,age_15,13,855028
04,F,age_15,14,859209
04,F,age_15,15,862324
04,F,age_15,16,864204
04,F,age_15,17,864884
04,F,age_15,18,860810
04,F,age_15,19,856351
04,F,age_15,20,851792
04,F,age_15,21,845525
04,F,age_15,22,832452
04,F,age_15,23,827338
04,F,age_20,0,2023935
04,F,age_20,1,2020887
04,F,age_20,2,2018084
04,F,age_20,3,2016994
04,F,age_20,4,2015842
04,F,age_20,5,2016445
04,F,age_20,6,2020240
04,F,age_20,7,2041513
04,F,age_20,8,2089980
04,F,age_20,9,2122625
04,F,age_20,10,2138060
04,F,age_20,11,2152261
04,F,age_20,12,2170305
04,F,age_20,13,2184787
04,F,age_20,14,2195378
04,F,age_20,15,2202697
04,F,age_20,16,2205037
04,F,age_20,17,2201860
04,F,age_20,18,2178583
04,F,age_20,19,2144320
04,F,age_20,20,2118743
04,F,age_20,21,2091082
04,F,age_20,22,2056949
04,F,age_20,23,2030227
04,F,age_25,0,2468778
04,F,age_25,1,2463663
04,F,age_25,2,2460684
04,F,age_25,3,2458617
04,F,age_25,4,2457640
04,F,age_25,5,2458633
04,F,age_25,6,2466380
04,F,age_25,7,2514120
04,F,age_25,8,2607225
04,F,age_25,9,2663952
04,F,age_25,10,2682837
04,F,age_25,11,2696084
04,F,age_25,12,2710878
04,F,age_25,13,2723266
04,F,age_25,14,2728108
04,F,age_25,15,2727984
04,F,age_25,16,2725556
04,F,age_25,17,2716057
04,F,age_25,18,2672783
04,F,age_25,19,2611819
04,F,age_25,20,2574046
04,F,age_25,21,2539895
04,F,age_25,22,2501188
04,F,age_25,23,2468843
04,F,age_30,0,1954999
04,F,age_30,1,1951780
04,F,age_30,2,1949724
04,F,age_30,3,1948712
04,F,age_30,4,1948251
04,F,age_30,5,1948249
04,F,age_30,6,1954050
04,F,age_30,7,1987885
04,F,age_30,8,2042965
04,F,age_30,9,2077270
04,F,age_30,10,2089072
04,F,age_30,11,2092154
04,F,age_30,12,2096778
04,F,age_30,13,2099517
04,F,age_30,14,2098259
04,F,age_30,15,2096133
04,F,age_30,16,2091388
04,F,age_30,17,2082607
04,F,age_30,18,2054799
04,F,age_30,19,2016941
04,F,age_30,20,1996280
04,F,age_30,21,1981592
04,F,age_30,22,1964203
04,F,age_30,23,1950949
04,F,age_35,0,1834005
04,F,age_35,1,1832330
04,F,age_35,2,1830483
04,F,age_35,3,1830229
04,F,age_35,4,1829841
04,F,age_35,5,1829643
04,F,age_35,6,1835021
04,F,age_35,7,1861823
04,F,age_35,8,1893662
04,F,age_35,9,1915963
04,F,age_35,10,1923404
04,F,age_35,11,1923640
04,F,age_35,12,1922102
04,F,age_35,13,1921454
04,F,age_35,14,1919201
04,F,age_35,15,1917227
04,F,age_35,16,1913511
04,F,age_35,17,1907866
04,F,age_35,18,1886808
04,F,age_35,19,1861780
04,F,age_35,20,1850465
04,F,age_35,21,1841750
04,F,age_35,22,1833047
04,F,age_35,23,1826905
04,F,age_40,0,1595353
04,F,age_40,1,1594234
04,F,age_40,2,1593400
04,F,age_40,3,1592712
04,F,age_40,4,1592370
04,F,age_40,5,1592700
04,F,age_40,6,1597884
04,F,age_40,7,1616176
04,F,age_40,8,1638261
04,F,age_40,9,1655808
04,F,age_40,10,1660495
04,F,age_40,11,1661277
04,F,age_40,12,1662346
04,F,age_40,13,1660688
04,F,age_40,14,1659551
04,F,age_40,15,1657994
04,F,age_40,16,1655690
04,F,age_40,17,1652276
04,F,age_40,18,1635374
04,F,age_40,19,1616702
04,F,age_40,20,1608485
04,F,age_40,21,1602014
04,F,age_40,22,1594385
04,F,age_40,23,1589576
04,F,age_45,0,1809794
04,F,age_45,1,1808902
04,F,age_45,2,1807524
04,F,age_45,3,1806707
04,F,age_45,4,1806693
04,F,age_45,5,1806540
04,F,age_45,6,1810793
04,F,age_45,7,1827496
04,F,age_45,8,1850604
04,F,age_45,9,1868110
04,F,age_45,10,1872439
04,F,age_45,11,1871547
04,F,age_45,12,1872405
04,F,age_45,13,1872331
04,F,age_45,14,1872907
04,F,age_45,15,1872189
04,F,age_45,16,1870747
04,F,age_45,17,1866952
04,F,age_45,18,1852587
04,F,age_45,19,1834476
04,F,age_45,20,1826499
04,F,age_45,21,1820568
04,F,age_45,22,1810290
04,F,age_45,23,1805961
04,F,age_50,0,1827757
04,F,age_50,1,1827445
04,F,age_50,2,1826226
04,F,age_50,3,1825721
04,F,age_50,4,1825965
04,F,age_50,5,1826284
04,F,age_50,6,1828495
04,F,age_50,7,1842122
04,F,age_50,8,1861083
04,F,age_50,9,1875667
04,F,age_50,10,1878954
04,F,age_50,11,1874030
04,F,age_50,12,1870596
04,F,age_50,13,1871554
04,F,age_50,14,1872688
04,F,age_50,15,1872262
04,F,age_50,16,1871283
04,F,age_50,17,1868745
04,F,age_50,18,1860151
04,F,age_50,19,1851216
04,F,age_50,20,1844394
04,F,age_50,21,1839632
04,F,age_50,22,1832864
04,F,age_50,23,1824832
04,F,age_55,0,1796619
04,F,age_55,1,1796113
04,F,age_55,2,1795424
04,F,age_55,3,1794789
04,F,age_55,4,1796631
04,F,age_55,5,1798463
04,F,age_55,6,1800847
04,F,age_55,7,1807368
04,F,age_55,8,1823200
04,F,age_55,9,1835179
04,F,age_55,10,1834229
04,F,age_55,11,1828341
04,F,age_55,12,1823420
04,F,age_55,13,1822853
04,F,age_55,14,1824667
04,F,age_55,15,1825215
04,F,age_55,16,1825100
04,F,age_55,17,1824210
04,F,age_55,18,1820179
04,F,age_55,19,1813574
04,F,age_55,20,1810125
04,F,age_55,21,1805089
04,F,age_55,22,1797954
04,F,age_55,23,1794340
04,F,age_60,0,1539031
04,F,age_60,1,1538565
04,F,age_60,2,1538271
04,F,age_60,3,1538461
04,F,age_60,4,1539652
04,F,age_60,5,1542982
04,F,age_60,6,1544867
04,F,age_60,7,1549040
04,F,age_60,8,1559156
04,F,age_60,9,1565420
04,F,age_60,10,1565326
04,F,age_60,11,1559429
04,F,age_60,12,1555754
04,F,age_60,13,1555453
04,F,age_60,14,1555944
04,F,age_60,15,1556140
04,F,age_60,16,1556169
04,F,age_60,17,1555343
04,F,age_60,18,1554127
04,F,age_60,19,1551519
04,F,age_60,20,1548891
04,F,age_60,21,1545292
04,F,age_60,22,1541303
04,F,age_60,23,1536708
04,F,age_65,0,996743
04,F,age_65,1,996905
04,F,age_65,2,996917
04,F,age_65,3,996738
04,F,age_65,4,997510
04,F,age_65,5,999456
04,F,age_65,6,1000679
04,F,age_65,7,1002736
04,F,age_65,8,1008281
04,F,age_65,9,1012747
04,F,age_65,10,1012262
04,F,age_65,11,1008093
04,F,age_65,12,1004906
04,F,age_65,13,1004661
04,F,age_65,14,1005548
04,F,age_65,15,1005356
04,F,age_65,16,1005741
04,F,age_65,17,1004026
04,F,age_65,18,1004125
04,F,age_65,19,1002278
04,F,age_65,20,1000982
04,F,age_65,21,998918
04,F,age_65,22,996691
04,F,age_65,23,995883
04,F,age_70,0,1136854
04,F,age_70,1,1137035
04,F,age_70,2,1136700
04,F,age_70,3,1136813
04,F,age_70,4,1137085
04,F,age_70,5,1138539
04,F,age_70,6,1139168
04,F,age_70,7,1140718
04,F,age_70,8,1144775
04,F,age_70,9,1148016
04,F,age_70,10,1149215
04,F,age_70,11,1147316
04,F,age_70,12,1144805
04,F,age_70,13,1144538
04,F,age_70,14,1145657
04,F,age_70,15,1145306
04,F,age_70,16,1145081
04,F,age_70,17,1143780
04,F,age_70,18,1142255
04,F,age_70,19,1141622
04,F,age_70,20,1140886
04,F,age_70,21,1139640
04,F,age_70,22,1137959
04,F,age_70,23,1137080
04,M,age_10,0,502215
04,M,age_10,1,502131
04,M,age_10,2,501991
04,M,age_10,3,502093
04,M,age_10,4,502059
04,M,age_10,5,501939
04,M,age_10,6,501670
04,M,age_10,7,501287
04,M,age_10,8,500534
04,M,age_10,9,500164
04,M,age_10,10,499361
04,M,age_10,11,499030
04,M,age_10,12,498327
04,M,age_10,13,498212
04,M,age_10,14,498230
04,M,age_10,15,498412
04,M,age_10,16,498980
04,M,age_10,17,499492
04,M,age_10,18,499672
04,M,age_10,19,499828
04,M,age_10,20,499763
04,M,age_10,21,499314
04,M,age_10,22,498411
04,M,age_10,23,500389
04,M,age_15,0,831191
04,M,age_15,1,830439
04,M,age_15,2,830422
04,M,age_15,3,830800
04,M,age_15,4,830625
04,M,age_15,5,830519
04,M,age_15,6,831348
04,M,age_15,7,834096
04,M,age_15,8,836776
04,M,age_15,9,838987
04,M,age_15,10,841039
04,M,age_15,11,842824
04,M,age_15,12,845803
04,M,age_15,13,848882
04,M,age_15,14,851845
04,M,age_15,15,854139
04,M,age_15,16,855097
04,M,age_15,17,855799
04,M,age_15,18,855179
04,M,age_15,19,853784
04,M,age_15,20,851351
04,M,age_15,21,846606
04,M,age_15,22,836381
04,M,age_15,23,832821
04,M,age_20,0,1483165
04,M,age_20,1,1480594
04,M,age_20,2,1478567
04,M,age_20,3,1477335
04,M,age_20,4,1476152
04,M,age_20,5,1476086
04,M,age_20,6,1476569
04,M,age_20,7,1481522
04,M,age_20,8,1495524
04,M,age_20,9,1505406
04,M,age_20,10,1511658
04,M,age_20,11,1517894
04,M,age_20,12,1525403
04,M,age_20,13,1533102
04,M,age_20,14,1539005
04,M,age_20,15,1541912
04,M,age_20,16,1544565
04,M,age_20,17,1547598
04,M,age_20,18,1544675
04,M,age_20,19,1537736
04,M,age_20,20,1529317
04,M,age_20,21,1518162
04,M,age_20,22,1503889
04,M,age_20,23,1490446
04,M,age_25,0,2340762
04,M,age_25,1,2334455
04,M,age_25,2,2329538
04,M,age_25,3,2326976
04,M,age_25,4,2325356
04,M,age_25,5,2324553
04,M,age_25,6,2327235
04,M,age_25,7,2353858
04,M,age_25,8,2399652
04,M,age_25,9,2428779
04,M,age_25,10,2439480
04,M,age_25,11,2448408
04,M,age_25,12,2458053
04,M,age_25,13,2465953
04,M,age_25,14,2472326
04,M,age_25,15,2475375
04,M,age_25,16,2477125
04,M,age_25,17,2477866
04,M,age_25,18,2467119
04,M,age_25,19,2441861
04,M,age_25,20,2422241
04,M,age_25,21,2400972
04,M,age_25,22,2375260
04,M,age_25,23,2347443
04,M,age_30,0,2036597
04,M,age_30,1,2031717
04,M,age_30,2,2028450
04,M,age_30,3,2025941
04,M,age_30,4,2023907
04,M,age_30,5,2022721
04,M,age_30,6,2027205
04,M,age_30,7,2059248
04,M,age_30,8,2104140
04,M,age_30,9,2129289
04,M,age_30,10,2137050
04,M,age_30,11,2141274
04,M,age_30,12,2146353
04,M,age_30,13,2148080
04,M,age_30,14,2147997
04,M,age_30,15,2148457
04,M,age_30,16,2149652
04,M,age_30,17,2149085
04,M,age_30,18,2137113
04,M,age_30,19,2109596
04,M,age_30,20,2090796
04,M,age_30,21,2073403
04,M,age_30,22,2055264
04,M,age_30,23,2038527
04,M,age_35,0,2059424
04,M,age_35,1,2053997
04,M,age_35,2,2050305
04,M,age_35,3,2047622
04,M,age_35,4,2046404
04,M,age_35,5,2045136
04,M,age_35,6,2058438
04,M,age_35,7,2107173
04,M,age_35,8,2159840
04,M,age_35,9,2193660
04,M,age_35,10,2203766
04,M,age_35,11,2206634
04,M,age_35,12,2205880
04,M,age_35,13,2208599
04,M,age_35,14,2208190
04,M,age_35,15,2207316
04,M,age_35,16,2206781
04,M,age_35,17,2199715
04,M,age_35,18,2172994
04,M,age_35,19,2131981
04,M,age_35,20,2107669
04,M,age_35,21,2090715
04,M,age_35,22,2072190
04,M,age_35,23,2058754
04,M,age_40,0,1809159
04,M,age_40,1,1804791
04,M,age_40,2,1802125
04,M,age_40,3,1800350
04,M,age_40,4,1799312
04,M,age_40,5,1799360
04,M,age_40,6,1813482
04,M,age_40,7,1854947
04,M,age_40,8,1898140
04,M,age_40,9,1923394
04,M,age_40,10,1931975
04,M,age_40,11,1931575
04,M,age_40,12,1931558
04,M,age_40,13,1934018
04,M,age_40,14,1934527
04,M,age_40,15,1933609
04,M,age_40,16,1931621
04,M,age_40,17,1924153
04,M,age_40,18,1902109
04,M,age_40,19,1869952
04,M,age_40,20,1850716
04,M,age_40,21,1836892
04,M,age_40,22,1821024
04,M,age_40,23,1807794
04,M,age_45,0,1900215
04,M,age_45,1,1896495
04,M,age_45,2,1893946
04,M,age_45,3,1892830
04,M,age_45,4,1893300
04,M,age_45,5,1893452
04,M,age_45,6,1909563
04,M,age_45,7,1948185
04,M,age_45,8,1984528
04,M,age_45,9,2005069
04,M,age_45,10,2010395
04,M,age_45,11,2008856
04,M,age_45,12,2009719
04,M,age_45,13,2012817
04,M,age_45,14,2013923
04,M,age_45,15,2013724
04,M,age_45,16,2011838
04,M,age_45,17,2007813
04,M,age_45,18,1986305
04,M,age_45,19,1957529
04,M,age_45,20,1940098
04,M,age_45,21,1926530
04,M,age_45,22,1911038
04,M,age_45,23,1899269
04,M,age_50,0,1644576
04,M,age_50,1,1642229
04,M,age_50,2,1640876
04,M,age_50,3,1639836
04,M,age_50,4,1639986
04,M,age_50,5,1642067
04,M,age_50,6,1653860
04,M,age_50,7,1679657
04,M,age_50,8,1697258
04,M,age_50,9,1707255
04,M,age_50,10,1707954
04,M,age_50,11,1702798
04,M,age_50,12,1702392
04,M,age_50,13,1704416
04,M,age_50,14,1707151
04,M,age_50,15,1706990
04,M,age_50,16,1709717
04,M,age_50,17,1708121
04,M,age_50,18,1693240
04,M,age_50,19,1677863
04,M,age_50,20,1669669
04,M,age_50,21,1663726
04,M,age_50,22,1653234
04,M,age_50,23,1644588
04,M,age_55,0,1571012
04,M,age_55,1,1568873
04,M,age_55,2,1567539
04,M,age_55,3,1566837
04,M,age_55,4,1567867
04,M,age_55,5,1571107
04,M,age_55,6,1575758
04,M,age_55,7,1586685
04,M,age_55,8,1596822
04,M,age_55,9,1602211
04,M,age_55,10,1600033
04,M,age_55,11,1592374
04,M,age_55,12,1589069
04,M,age_55,13,1590809
04,M,age_55,14,1593374
04,M,age_55,15,1596569
04,M,age_55,16,1599752
04,M,age_55,17,1602423
04,M,age_55,18,1598173
04,M,age_55,19,1592181
04,M,age_55,20,1589489
04,M,age_55,21,1586424
04,M,age_55,22,1578826
04,M,age_55,23,1571188
04,M,age_60,0,1389389
04,M,age_60,1,1387999
04,M,age_60,2,1386683
04,M,age_60,3,1386089
04,M,age_60,4,1386796
04,M,age_60,5,1389537
04,M,age_60,6,1388390
04,M,age_60,7,1387634
04,M,age_60,8,1390020
04,M,age_60,9,1392733
04,M,age_60,10,1390964
04,M,age_60,11,1382274
04,M,age_60,12,1378487
04,M,age_60,13,1380923
04,M,age_60,14,1384891
04,M,age_60,15,1388922
04,M,age_60,16,1395189
04,M,age_60,17,1400578
04,M,age_60,18,1401359
04,M,age_60,19,1400826
04,M,age_60,20,1401473
04,M,age_60,21,1398815
04,M,age_60,22,1393888
04,M,age_60,23,1389683
04,M,age_65,0,932574
04,M,age_65,1,931902
04,M,age_65,2,931054
04,M,age_65,3,930529
04,M,age_65,4,931564
04,M,age_65,5,933798
04,M,age_65,6,933587
04,M,age_65,7,932529
04,M,age_65,8,933487
04,M,age_65,9,935244
04,M,age_65,10,933108
04,M,age_65,11,928480
04,M,age_65,12,926523
04,M,age_65,13,927578
04,M,age_65,14,931514
04,M,age_65,15,935074
04,M,age_65,16,938629
04,M,age_65,17,940596
04,M,age_65,18,940586
04,M,age_65,19,939500
04,M,age_65,20,938802
04,M,age_65,21,936567
04,M,age_65,22,934710
04,M,age_65,23,932552
04,M,age_70,0,1102167
04,M,age_70,1,1101628
04,M,age_70,2,1101286
04,M,age_70,3,1101493
04,M,age_70,4,1102324
04,M,age_70,5,1105320
04,M,age_70,6,1106387
04,M,age_70,7,1106391
04,M,age_70,8,1107151
04,M,age_70,9,1110909
04,M,age_70,10,1111947
04,M,age_70,11,1109107
04,M,age_70,12,1107441
04,M,age_70,13,1108853
04,M,age_70,14,1111366
04,M,age_70,15,1113126
04,M,age_70,16,1113929
04,M,age_70,17,1114106
04,M,age_70,18,1112950
04,M,age_70,19,1110708
04,M,age_70,20,1108189
04,M,age_70,21,1106130
04,M,age_70,22,1104419
04,M,age_70,23,1102194
05,-,_,0,0
05,-,_,1,0
05,-,_,2,0
05,-,_,3,0
05,-,_,4,0
05,-,_,5,0
05,-,_,6,0
05,-,_,7,0
05,-,_,8,0
05,-,_,9,0
05,-,_,10,0
05,-,_,11,0
05,-,_,12,0
05,-,_,13,0
05,-,_,14,0
05,-,_,15,0
05,-,_,16,0
05,-,_,17,0
05,-,_,18,0
05,-,_,19,0
05,-,_,20,0
05,-,_,21,0
05,-,_,22,0
05,-,_,23,0
05,F,age_10,0,477261
05,F,age_10,1,477260
05,F,age_10,2,476969
05,F,age_10,3,476987
05,F,age_10,4,476934
05,F,age_10,5,476923
05,F,age_10,6,476553
05,F,age_10,7,476483
05,F,age_10,8,476753
05,F,age_10,9,476776
05,F,age_10,10,477139
05,F,age_10,11,477685
05,F,age_10,12,478097
05,F,age_10,13,478737
05,F,age_10,14,479547
05,F,age_10,15,479778
05,F,age_10,16,479984
05,F,age_10,17,480102
05,F,age_10,18,479736
05,F,age_10,19,479752
05,F,age_10,20,478485
05,F,age_10,21,478037
05,F,age_10,22,477003
05,F,age_10,23,478563
05,F,age_15,0,782510
05,F,age_15,1,781961
05,F,age_15,2,781168
05,F,age_15,3,780835
05,F,age_15,4,781119
05,F,age_15,5,781158
05,F,age_15,6,782832
05,F,age_15,7,787126
05,F,age_15,8,792101
05,F,age_15,9,796271
05,F,age_15,10,799918
05,F,age_15,11,804436
05,F,age_15,12,809389
05,F,age_15,13,813352
05,F,age_15,14,816840
05,F,age_15,15,819409
05,F,age_15,16,820963
05,F,age_15,17,821323
05,F,age_15,18,817460
05,F,age_15,19,812998
05,F,age_15,20,808082
05,F,age_15,21,802192
05,F,age_15,22,791352
05,F,age_15,23,785602
05,F,age_20,0,1941033
05,F,age_20,1,1938660
05,F,age_20,2,1936639
05,F,age_20,3,1935330
05,F,age_20,4,1935292
05,F,age_20,5,1936438
05,F,age_20,6,1940514
05,F,age_20,7,1962638
05,F,age_20,8,2007087
05,F,age_20,9,2036981
05,F,age_20,10,2053015
05,F,age_20,11,2066156
05,F,age_20,12,2083778
05,F,age_20,13,2100383
05,F,age_20,14,2109334
05,F,age_20,15,2115441
05,F,age_20,16,2115677
05,F,age_20,17,2111564
05,F,age_20,18,2089942
05,F,age_20,19,2058783
05,F,age_20,20,2035417
05,F,age_20,21,2011469
05,F,age_20,22,1981193
05,F,age_20,23,1956100
05,F,age_25,0,2349687
05,F,age_25,1,2345848
05,F,age_25,2,2343240
05,F,age_25,3,2341989
05,F,age_25,4,2341593
05,F,age_25,5,2343388
05,F,age_25,6,2352290
05,F,age_25,7,2397705
05,F,age_25,8,2481747
05,F,age_25,9,2525129
05,F,age_25,10,2542955
05,F,age_25,11,2556523
05,F,age_25,12,2571998
05,F,age_25,13,2584676
05,F,age_25,14,2589782
05,F,age_25,15,2592395
05,F,age_25,16,2590182
05,F,age_25,17,2584401
05,F,age_25,18,2547501
05,F,age_25,19,2495002
05,F,age_25,20,2459796
05,F,age_25,21,2430453
05,F,age_25,22,2397662
05,F,age_25,23,2368921
05,F,age_30,0,1853699
05,F,age_30,1,1850892
05,F,age_30,2,1848898
05,F,age_30,3,1847936
05,F,age_30,4,1847789
05,F,age_30,5,1848517
05,F,age_30,6,1854070
05,F,age_30,7,1886019
05,F,age_30,8,1934549
05,F,age_30,9,1962316
05,F,age_30,10,1972560
05,F,age_30,11,1978414
05,F,age_30,12,1985965
05,F,age_30,13,1989707
05,F,age_30,14,1989906
05,F,age_30,15,1988557
05,F,age_30,16,1986522
05,F,age_30,17,1979882
05,F,age_30,18,1956888
05,F,age_30,19,1925413
05,F,age_30,20,1907167
05,F,age_30,21,1893595
05,F,age_30,22,1878382
05,F,age_30,23,1865175
05,F,age_35,0,1723140
05,F,age_35,1,1721430
05,F,age_35,2,1720442
05,F,age_35,3,1719445
05,F,age_35,4,1718738
05,F,age_35,5,1719277
05,F,age_35,6,1725355
05,F,age_35,7,1749039
05,F,age_35,8,1779751
05,F,age_35,9,1799606
05,F,age_35,10,1806757
05,F,age_35,11,1809812
05,F,age_35,12,1809339
05,F,age_35,13,1809378
05,F,age_35,14,1807437
05,F,age_35,15,1805879
05,F,age_35,16,1803340
05,F,age_35,17,1798711
05,F,age_35,18,1781474
05,F,age_35,19,1760653
05,F,age_35,20,1750802
05,F,age_35,21,1744461
05,F,age_35,22,1736257
05,F,age_35,23,1731278
05,F,age_40,0,1497390
05,F,age_40,1,1496124
05,F,age_40,2,1495254
05,F,age_40,3,1494773
05,F,age_40,4,1494701
05,F,age_40,5,1495392
05,F,age_40,6,1500640
05,F,age_40,7,1519696
05,F,age_40,8,1541179
05,F,age_40,9,1556842
05,F,age_40,10,1563365
05,F,age_40,11,1566361
05,F,age_40,12,1567390
05,F,age_40,13,1567637
05,F,age_40,14,1568442
05,F,age_40,15,1565804
05,F,age_40,16,1563262
05,F,age_40,17,1560388
05,F,age_40,18,1544683
05,F,age_40,19,1527662
05,F,age_40,20,1519895
05,F,age_40,21,1513636
05,F,age_40,22,1507461
05,F,age_40,23,1503041
05,F,age_45,0,1702975
05,F,age_45,1,1701735
05,F,age_45,2,1701114
05,F,age_45,3,1700258
05,F,age_45,4,1699863
05,F,age_45,5,1700569
05,F,age_45,6,1704473
05,F,age_45,7,1722104
05,F,age_45,8,1746590
05,F,age_45,9,1763521
05,F,age_45,10,1770286
05,F,age_45,11,1772684
05,F,age_45,12,1773646
05,F,age_45,13,1775062
05,F,age_45,14,1774873
05,F,age_45,15,1775228
05,F,age_45,16,1771283
05,F,age_45,17,1768167
05,F,age_45,18,1753576
05,F,age_45,19,1736695
05,F,age_45,20,1728831
05,F,age_45,21,1722371
05,F,age_45,22,1713542
05,F,age_45,23,1708812
05,F,age_50,0,1736255
05,F,age_50,1,1735282
05,F,age_50,2,1734104
05,F,age_50,3,1733333
05,F,age_50,4,1733765
05,F,age_50,5,1734532
05,F,age_50,6,1737750
05,F,age_50,7,1750058
05,F,age_50,8,1771486
05,F,age_50,9,1788804
05,F,age_50,10,1793764
05,F,age_50,11,1792554
05,F,age_50,12,1792261
05,F,age_50,13,1792938
05,F,age_50,14,1792743
05,F,age_50,15,1793167
05,F,age_50,16,1790612
05,F,age_50,17,1787811
05,F,age_50,18,1776579
05,F,age_50,19,1766053
05,F,age_50,20,1758547
05,F,age_50,21,1753614
05,F,age_50,22,1746407
05,F,age_50,23,1741048
05,F,age_55,0,1713703
05,F,age_55,1,1712538
05,F,age_55,2,1712127
05,F,age_55,3,1711609
05,F,age_55,4,1712449
05,F,age_55,5,1713574
05,F,age_55,6,1716611
05,F,age_55,7,1723450
05,F,age_55,8,1740176
05,F,age_55,9,1753146
05,F,age_55,10,1757223
05,F,age_55,11,1754868
05,F,age_55,12,1752611
05,F,age_55,13,1752976
05,F,age_55,14,1755074
05,F,age_55,15,1755187
05,F,age_55,16,1753990
05,F,age_55,17,1750427
05,F,age_55,18,1744346
05,F,age_55,19,1737630
05,F,age_55,20,1734505
05,F,age_55,21,1729278
05,F,age_55,22,1723040
05,F,age_55,23,1717609
05,F,age_60,0,1478649
05,F,age_60,1,1477999
05,F,age_60,2,1477858
05,F,age_60,3,1477377
05,F,age_60,4,1478294
05,F,age_60,5,1480733
05,F,age_60,6,1482998
05,F,age_60,7,1487465
05,F,age_60,8,1497943
05,F,age_60,9,1507298
05,F,age_60,10,1509839
05,F,age_60,11,1505989
05,F,age_60,12,1502335
05,F,age_60,13,1503330
05,F,age_60,14,1504903
05,F,age_60,15,1504644
05,F,age_60,16,1504179
05,F,age_60,17,1501288
05,F,age_60,18,1497928
05,F,age_60,19,1495551
05,F,age_60,20,1491554
05,F,age_60,21,1488565
05,F,age_60,22,1485082
05,F,age_60,23,1482180
05,F,age_65,0,961859
05,F,age_65,1,961661
05,F,age_65,2,961835
05,F,age_65,3,961439
05,F,age_65,4,962096
05,F,age_65,5,963792
05,F,age_65,6,965474
05,F,age_65,7,967047
05,F,age_65,8,973387
05,F,age_65,9,979771
05,F,age_65,10,981821
05,F,age_65,11,979222
05,F,age_65,12,976629
05,F,age_65,13,977486
05,F,age_65,14,977829
05,F,age_65,15,977380
05,F,age_65,16,975837
05,F,age_65,17,974696
05,F,age_65,18,973043
05,F,age_65,19,971891
05,F,age_65,20,969714
05,F,age_65,21,968710
05,F,age_65,22,966781
05,F,age_65,23,963864
05,F,age_70,0,1106349
05,F,age_70,1,1106369
05,F,age_70,2,1106024
05,F,age_70,3,1106075
05,F,age_70,4,1106660
05,F,age_70,5,1108218
05,F,age_70,6,1109220
05,F,age_70,7,1110935
05,F,age_70,8,1115418
05,F,age_70,9,1120732
05,F,age_70,10,1124325
05,F,age_70,11,1124189
05,F,age_70,12,1122756
05,F,age_70,13,1122522
05,F,age_70,14,1123061
05,F,age_70,15,1121477
05,F,age_70,16,1119594
05,F,age_70,17,1117238
05,F,age_70,18,1115405
05,F,age_70,19,1113912
05,F,age_70,20,1113044
05,F,age_70,21,1111838
05,F,age_70,22,1110235
05,F,age_70,23,1108251
05,M,age_10,0,474769
05,M,age_10,1,474582
05,M,age_10,2,474536
05,M,age_10,3,474512
05,M,age_10,4,474461
05,M,age_10,5,474481
05,M,age_10,6,474261
05,M,age_10,7,474079
05,M,age_10,8,474167
05,M,age_10,9,474490
05,M,age_10,10,474517
05,M,age_10,11,474390
05,M,age_10,12,474655
05,M,age_10,13,474758
05,M,age_10,14,475357
05,M,age_10,15,475822
05,M,age_10,16,476695
05,M,age_10,17,477625
05,M,age_10,18,477966
05,M,age_10,19,477353
05,M,age_10,20,476951
05,M,age_10,21,476729
05,M,age_10,22,475370
05,M,age_10,23,476254
05,M,age_15,0,784634
05,M,age_15,1,783925
05,M,age_15,2,783509
05,M,age_15,3,783576
05,M,age_15,4,783618
05,M,age_15,5,783643
05,M,age_15,6,784487
05,M,age_15,7,787224
05,M,age_15,8,790291
05,M,age_15,9,793475
05,M,age_15,10,795453
05,M,age_15,11,796911
05,M,age_15,12,799968
05,M,age_15,13,802199
05,M,age_15,14,804449
05,M,age_15,15,806853
05,M,age_15,16,808368
05,M,age_15,17,809450
05,M,age_15,18,807758
05,M,age_15,19,804259
05,M,age_15,20,801706
05,M,age_15,21,798646
05,M,age_15,22,789881
05,M,age_15,23,787589
05,M,age_20,0,1446901
05,M,age_20,1,1444144
05,M,age_20,2,1442542
05,M,age_20,3,1441035
05,M,age_20,4,1440194
05,M,age_20,5,1439786
05,M,age_20,6,1439890
05,M,age_20,7,1446192
05,M,age_20,8,1460501
05,M,age_20,9,1474964
05,M,age_20,10,1482317
05,M,age_20,11,1487520
05,M,age_20,12,1495394
05,M,age_20,13,1501399
05,M,age_20,14,1505053
05,M,age_20,15,1508226
05,M,age_20,16,1509655
05,M,age_20,17,1510125
05,M,age_20,18,1504700
05,M,age_20,19,1496708
05,M,age_20,20,1487829
05,M,age_20,21,1478940
05,M,age_20,22,1466238
05,M,age_20,23,1456806
05,M,age_25,0,2243811
05,M,age_25,1,2238662
05,M,age_25,2,2235586
05,M,age_25,3,2233512
05,M,age_25,4,2232569
05,M,age_25,5,2231704
05,M,age_25,6,2234486
05,M,age_25,7,2258873
05,M,age_25,8,2300155
05,M,age_25,9,2324758
05,M,age_25,10,2334532
05,M,age_25,11,2343115
05,M,age_25,12,2354081
05,M,age_25,13,2362616
05,M,age_25,14,2368762
05,M,age_25,15,2372892
05,M,age_25,16,2374512
05,M,age_25,17,2376805
05,M,age_25,18,2367574
05,M,age_25,19,2345837
05,M,age_25,20,2327711
05,M,age_25,21,2308400
05,M,age_25,22,2283954
05,M,age_25,23,2261907
05,M,age_30,0,1939682
05,M,age_30,1,1935466
05,M,age_30,2,1932787
05,M,age_30,3,1930390
05,M,age_30,4,1929538
05,M,age_30,5,1929136
05,M,age_30,6,1932872
05,M,age_30,7,1960623
05,M,age_30,8,1997815
05,M,age_30,9,2017125
05,M,age_30,10,2025682
05,M,age_30,11,2029400
05,M,age_30,12,2033989
05,M,age_30,13,2038003
05,M,age_30,14,2038230
05,M,age_30,15,2040636
05,M,age_30,16,2041612
05,M,age_30,17,2044095
05,M,age_30,18,2033937
05,M,age_30,19,2011553
05,M,age_30,20,1995313
05,M,age_30,21,1982581
05,M,age_30,22,1967433
05,M,age_30,23,1953340
05,M,age_35,0,1940599
05,M,age_35,1,1936149
05,M,age_35,2,1933277
05,M,age_35,3,1930583
05,M,age_35,4,1929680
05,M,age_35,5,1929460
05,M,age_35,6,1942338
05,M,age_35,7,1982355
05,M,age_35,8,2026304
05,M,age_35,9,2053329
05,M,age_35,10,2061242
05,M,age_35,11,2065633
05,M,age_35,12,2067393
05,M,age_35,13,2069250
05,M,age_35,14,2069372
05,M,age_35,15,2069537
05,M,age_35,16,2069063
05,M,age_35,17,2065970
05,M,age_35,18,2046923
05,M,age_35,19,2013452
05,M,age_35,20,1995128
05,M,age_35,21,1982599
05,M,age_35,22,1968335
05,M,age_35,23,1954047
05,M,age_40,0,1698565
05,M,age_40,1,1694794
05,M,age_40,2,1692228
05,M,age_40,3,1690755
05,M,age_40,4,1689519
05,M,age_40,5,1690028
05,M,age_40,6,1705938
05,M,age_40,7,1741169
05,M,age_40,8,1777907
05,M,age_40,9,1799311
05,M,age_40,10,1807284
05,M,age_40,11,1808404
05,M,age_40,12,1810134
05,M,age_40,13,1812536
05,M,age_40,14,1812496
05,M,age_40,15,1812411
05,M,age_40,16,1810710
05,M,age_40,17,1808839
05,M,age_40,18,1790333
05,M,age_40,19,1761809
05,M,age_40,20,1745810
05,M,age_40,21,1733356
05,M,age_40,22,1721411
05,M,age_40,23,1710284
05,M,age_45,0,1786740
05,M,age_45,1,1783144
05,M,age_45,2,1780689
05,M,age_45,3,1779323
05,M,age_45,4,1778688
05,M,age_45,5,1778832
05,M,age_45,6,1795227
05,M,age_45,7,1830179
05,M,age_45,8,1858571
05,M,age_45,9,1875748
05,M,age_45,10,1881416
05,M,age_45,11,1882342
05,M,age_45,12,1882479
05,M,age_45,13,1884549
05,M,age_45,14,1886064
05,M,age_45,15,1888226
05,M,age_45,16,1887403
05,M,age_45,17,1883113
05,M,age_45,18,1867875
05,M,age_45,19,1842592
05,M,age_45,20,1828138
05,M,age_45,21,1818855
05,M,age_45,22,1806502
05,M,age_45,23,1795968
05,M,age_50,0,1564032
05,M,age_50,1,1561659
05,M,age_50,2,1560202
05,M,age_50,3,1559563
05,M,age_50,4,1560178
05,M,age_50,5,1561225
05,M,age_50,6,1571644
05,M,age_50,7,1592726
05,M,age_50,8,1609717
05,M,age_50,9,1618284
05,M,age_50,10,1619607
05,M,age_50,11,1617383
05,M,age_50,12,1617377
05,M,age_50,13,1618607
05,M,age_50,14,1621577
05,M,age_50,15,1622962
05,M,age_50,16,1623517
05,M,age_50,17,1624175
05,M,age_50,18,1613250
05,M,age_50,19,1599350
05,M,age_50,20,1592874
05,M,age_50,21,1587706
05,M,age_50,22,1578246
05,M,age_50,23,1570604
05,M,age_55,0,1497257
05,M,age_55,1,1494749
05,M,age_55,2,1493182
05,M,age_55,3,1492921
05,M,age_55,4,1493237
05,M,age_55,5,1495133
05,M,age_55,6,1500056
05,M,age_55,7,1510154
05,M,age_55,8,1521017
05,M,age_55,9,1526278
05,M,age_55,10,1526809
05,M,age_55,11,1522465
05,M,age_55,12,1520064
05,M,age_55,13,1520626
05,M,age_55,14,1523702
05,M,age_55,15,1526370
05,M,age_55,16,1528164
05,M,age_55,17,1532885
05,M,age_55,18,1527988
05,M,age_55,19,1523483
05,M,age_55,20,1521002
05,M,age_55,21,1518965
05,M,age_55,22,1512277
05,M,age_55,23,1503362
05,M,age_60,0,1332526
05,M,age_60,1,1330735
05,M,age_60,2,1329259
05,M,age_60,3,1328112
05,M,age_60,4,1329258
05,M,age_60,5,1330031
05,M,age_60,6,1329036
05,M,age_60,7,1328831
05,M,age_60,8,1332440
05,M,age_60,9,1336497
05,M,age_60,10,1336605
05,M,age_60,11,1332140
05,M,age_60,12,1329612
05,M,age_60,13,1331697
05,M,age_60,14,1335379
05,M,age_60,15,1337610
05,M,age_60,16,1343477
05,M,age_60,17,1349490
05,M,age_60,18,1349037
05,M,age_60,19,1349251
05,M,age_60,20,1348256
05,M,age_60,21,1347442
05,M,age_60,22,1341902
05,M,age_60,23,1337162
05,M,age_65,0,901151
05,M,age_65,1,899851
05,M,age_65,2,898893
05,M,age_65,3,898800
05,M,age_65,4,899705
05,M,age_65,5,901368
05,M,age_65,6,900974
05,M,age_65,7,901103
05,M,age_65,8,902960
05,M,age_65,9,905244
05,M,age_65,10,906404
05,M,age_65,11,904360
05,M,age_65,12,901829
05,M,age_65,13,903027
05,M,age_65,14,906788
05,M,age_65,15,909608
05,M,age_65,16,911765
05,M,age_65,17,913768
05,M,age_65,18,913278
05,M,age_65,19,913114
05,M,age_65,20,912443
05,M,age_65,21,910152
05,M,age_65,22,907343
05,M,age_65,23,903614
05,M,age_70,0,1064544
05,M,age_70,1,1064029
05,M,age_70,2,1063414
05,M,age_70,3,1063582
05,M,age_70,4,1064450
05,M,age_70,5,1066896
05,M,age_70,6,1068292
05,M,age_70,7,1068455
05,M,age_70,8,1072610
05,M,age_70,9,1079441
05,M,age_70,10,1082516
05,M,age_70,11,1083216
05,M,age_70,12,1082020
05,M,age_70,13,1083732
05,M,age_70,14,1086195
05,M,age_70,15,1086055
05,M,age_70,16,1084906
05,M,age_70,17,1082587
05,M,age_70,18,1079402
05,M,age_70,19,1077907
05,M,age_70,20,1075474
05,M,age_70,21,1072720
05,M,age_70,22,1070027
05,M,age_70,23,1066942
06,-,_,0,0
06,-,_,1,0
06,-,_,2,0
06,-,_,3,0
06,-,_,4,0
06,-,_,5,0
06,-,_,6,0
06,-,_,7,0
06,-,_,8,0
06,-,_,9,0
06,-,_,10,0
06,-,_,11,0
06,-,_,12,0
06,-,_,13,0
06,-,_,14,0
06,-,_,15,0
06,-,_,16,0
06,-,_,17,0
06,-,_,18,0
06,-,_,19,0
06,-,_,20,0
06,-,_,21,0
06,-,_,22,0
06,-,_,23,0
06,F,age_10,0,370916
06,F,age_10,1,370789
06,F,age_10,2,370513
06,F,age_10,3,370312
06,F,age_10,4,370340
06,F,age_10,5,370321
06,F,age_10,6,370175
06,F,age_10,7,370353
06,F,age_10,8,370907
06,F,age_10,9,371474
06,F,age_10,10,371743
06,F,age_10,11,372017
06,F,age_10,12,372125
06,F,age_10,13,372112
06,F,age_10,14,371995
06,F,age_10,15,372863
06,F,age_10,16,372315
06,F,age_10,17,372427
06,F,age_10,18,372146
06,F,age_10,19,371894
06,F,age_10,20,371332
06,F,age_10,21,371164
06,F,age_10,22,370111
06,F,age_10,23,372082
06,F,age_15,0,600541
06,F,age_15,1,599983
06,F,age_15,2,599477
06,F,age_15,3,599238
06,F,age_15,4,599113
06,F,age_15,5,599420
06,F,age_15,6,601226
06,F,age_15,7,609916
06,F,age_15,8,613248
06,F,age_15,9,616475
06,F,age_15,10,618863
06,F,age_15,11,622607
06,F,age_15,12,626723
06,F,age_15,13,630083
06,F,age_15,14,632545
06,F,age_15,15,633840
06,F,age_15,16,632428
06,F,age_15,17,632815
06,F,age_15,18,630322
06,F,age_15,19,626624
06,F,age_15,20,622272
06,F,age_15,21,617477
06,F,age_15,22,607026
06,F,age_15,23,602356
06,F,age_20,0,1492906
06,F,age_20,1,1489473
06,F,age_20,2,1487681
06,F,age_20,3,1486589
06,F,age_20,4,1485651
06,F,age_20,5,1486303
06,F,age_20,6,1489891
06,F,age_20,7,1509987
06,F,age_20,8,1546680
06,F,age_20,9,1569719
06,F,age_20,10,1580661
06,F,age_20,11,1592200
06,F,age_20,12,1605493
06,F,age_20,13,1614174
06,F,age_20,14,1620995
06,F,age_20,15,1626137
06,F,age_20,16,1627281
06,F,age_20,17,1625673
06,F,age_20,18,1610497
06,F,age_20,19,1584661
06,F,age_20,20,1567034
06,F,age_20,21,1548095
06,F,age_20,22,1522727
06,F,age_20,23,1501978
06,F,age_25,0,1794158
06,F,age_25,1,1789438
06,F,age_25,2,1787569
06,F,age_25,3,1786087
06,F,age_25,4,1785293
06,F,age_25,5,1786065
06,F,age_25,6,1794125
06,F,age_25,7,1838384
06,F,age_25,8,1915155
06,F,age_25,9,1954885
06,F,age_25,10,1966893
06,F,age_25,11,1980348
06,F,age_25,12,1993171
06,F,age_25,13,2000227
06,F,age_25,14,2003605
06,F,age_25,15,2005424
06,F,age_25,16,2005171
06,F,age_25,17,1998717
06,F,age_25,18,1964536
06,F,age_25,19,1914387
06,F,age_25,20,1885920
06,F,age_25,21,1862192
06,F,age_25,22,1832649
06,F,age_25,23,1807350
06,F,age_30,0,1405462
06,F,age_30,1,1402356
06,F,age_30,2,1401342
06,F,age_30,3,1400170
06,F,age_30,4,1399892
06,F,age_30,5,1400157
06,F,age_30,6,1407414
06,F,age_30,7,1438603
06,F,age_30,8,1486341
06,F,age_30,9,1511784
06,F,age_30,10,1521090
06,F,age_30,11,1526376
06,F,age_30,12,1531501
06,F,age_30,13,1534856
06,F,age_30,14,1535434
06,F,age_30,15,1535051
06,F,age_30,16,1532853
06,F,age_30,17,1526573
06,F,age_30,18,1501938
06,F,age_30,19,1469738
06,F,age_30,20,1453634
06,F,age_30,21,1440036
06,F,age_30,22,1426755
06,F,age_30,23,1413687
06,F,age_35,0,1302133
06,F,age_35,1,1300646
06,F,age_35,2,1299491
06,F,age_35,3,1298588
06,F,age_35,4,1298522
06,F,age_35,5,1298861
06,F,age_35,6,1306036
06,F,age_35,7,1329336
06,F,age_35,8,1359014
06,F,age_35,9,1377554
06,F,age_35,10,1383998
06,F,age_35,11,1385859
06,F,age_35,12,1388162
06,F,age_35,13,1389823
06,F,age_35,14,1388623
06,F,age_35,15,1386055
06,F,age_35,16,1384104
06,F,age_35,17,1377689
06,F,age_35,18,1358631
06,F,age_35,19,1337721
06,F,age_35,20,1328601
06,F,age_35,21,1321338
06,F,age_35,22,1313848
06,F,age_35,23,1307996
06,F,age_40,0,1140698
06,F,age_40,1,1139343
06,F,age_40,2,1139018
06,F,age_40,3,1138114
06,F,age_40,4,1137931
06,F,age_40,5,1138638
06,F,age_40,6,1144474
06,F,age_40,7,1162623
06,F,age_40,8,1182104
06,F,age_40,9,1196774
06,F,age_40,10,1202094
06,F,age_40,11,1204242
06,F,age_40,12,1204879
06,F,age_40,13,1205431
06,F,age_40,14,1204389
06,F,age_40,15,1202283
06,F,age_40,16,1199673
06,F,age_40,17,1196485
06,F,age_40,18,1182122
06,F,age_40,19,1165939
06,F,age_40,20,1159175
06,F,age_40,21,1154313
06,F,age_40,22,1148457
06,F,age_40,23,1145781
06,F,age_45,0,1289648
06,F,age_45,1,1288529
06,F,age_45,2,1287809
06,F,age_45,3,1287309
06,F,age_45,4,1287146
06,F,age_45,5,1287469
06,F,age_45,6,1291524
06,F,age_45,7,1308617
06,F,age_45,8,1329629
06,F,age_45,9,1344538
06,F,age_45,10,1350531
06,F,age_45,11,1351231
06,F,age_45,12,1351866
06,F,age_45,13,1352511
06,F,age_45,14,1353499
06,F,age_45,15,1352413
06,F,age_45,16,1349592
06,F,age_45,17,1345505
06,F,age_45,18,1332460
06,F,age_45,19,1317407
06,F,age_45,20,1309963
06,F,age_45,21,1304669
06,F,age_45,22,1298226
06,F,age_45,23,1293726
06,F,age_50,0,1316962
06,F,age_50,1,1316236
06,F,age_50,2,1315426
06,F,age_50,3,1315114
06,F,age_50,4,1314862
06,F,age_50,5,1315517
06,F,age_50,6,1319507
06,F,age_50,7,1331690
06,F,age_50,8,1348554
06,F,age_50,9,1361558
06,F,age_50,10,1366424
06,F,age_50,11,1364538
06,F,age_50,12,1364388
06,F,age_50,13,1365714
06,F,age_50,14,1367590
06,F,age_50,15,1366780
06,F,age_50,16,1363246
06,F,age_50,17,1360470
06,F,age_50,18,1350847
06,F,age_50,19,1340030
06,F,age_50,20,1335060
06,F,age_50,21,1331227
06,F,age_50,22,1324937
06,F,age_50,23,1321448
06,F,age_55,0,1291383
06,F,age_55,1,1290369
06,F,age_55,2,1289755
06,F,age_55,3,1289202
06,F,age_55,4,1289658
06,F,age_55,5,1290343
06,F,age_55,6,1293033
06,F,age_55,7,1299757
06,F,age_55,8,1314044
06,F,age_55,9,1326053
06,F,age_55,10,1330295
06,F,age_55,11,1328093
06,F,age_55,12,1325159
06,F,age_55,13,1325937
06,F,age_55,14,1326976
06,F,age_55,15,1326572
06,F,age_55,16,1324454
06,F,age_55,17,1321305
06,F,age_55,18,1314410
06,F,age_55,19,1307762
06,F,age_55,20,1304501
06,F,age_55,21,1301529
06,F,age_55,22,1296826
06,F,age_55,23,1294853
06,F,age_60,0,1123951
06,F,age_60,1,1123103
06,F,age_60,2,1122638
06,F,age_60,3,1122133
06,F,age_60,4,1123634
06,F,age_60,5,1126267
06,F,age_60,6,1127675
06,F,age_60,7,1131374
06,F,age_60,8,1140190
06,F,age_60,9,1148253
06,F,age_60,10,1151708
06,F,age_60,11,1148839
06,F,age_60,12,1146394
06,F,age_60,13,1147712
06,F,age_60,14,1148925
06,F,age_60,15,1148482
06,F,age_60,16,1146435
06,F,age_60,17,1143700
06,F,age_60,18,1140903
06,F,age_60,19,1137687
06,F,age_60,20,1135063
06,F,age_60,21,1132538
06,F,age_60,22,1129623
06,F,age_60,23,1127468
06,F,age_65,0,736361
06,F,age_65,1,736238
06,F,age_65,2,736027
06,F,age_65,3,736180
06,F,age_65,4,737073
06,F,age_65,5,738291
06,F,age_65,6,739575
06,F,age_65,7,741777
06,F,age_65,8,746984
06,F,age_65,9,752767
06,F,age_65,10,753928
06,F,age_65,11,752808
06,F,age_65,12,751447
06,F,age_65,13,752095
06,F,age_65,14,751490
06,F,age_65,15,750370
06,F,age_65,16,748840
06,F,age_65,17,746991
06,F,age_65,18,745297
06,F,age_65,19,743730
06,F,age_65,20,743531
06,F,age_65,21,742158
06,F,age_65,22,740230
06,F,age_65,23,738480
06,F,age_70,0,852275
06,F,age_70,1,851880
06,F,age_70,2,851649
06,F,age_70,3,851566
06,F,age_70,4,851954
06,F,age_70,5,852663
06,F,age_70,6,853123
06,F,age_70,7,855903
06,F,age_70,8,860688
06,F,age_70,9,865223
06,F,age_70,10,869073
06,F,age_70,11,868267
06,F,age_70,12,866919
06,F,age_70,13,865837
06,F,age_70,14,864999
06,F,age_70,15,863959
06,F,age_70,16,861909
06,F,age_70,17,860605
06,F,age_70,18,858644
06,F,age_70,19,857314
06,F,age_70,20,856568
06,F,age_70,21,855628
06,F,age_70,22,854464
06,F,age_70,23,853726
06,M,age_10,0,368160
06,M,age_10,1,368132
06,M,age_10,2,367990
06,M,age_10,3,367922
06,M,age_10,4,367751
06,M,age_10,5,367681
06,M,age_10,6,367689
06,M,age_10,7,367723
06,M,age_10,8,368400
06,M,age_10,9,368606
06,M,age_10,10,368771
06,M,age_10,11,369066
06,M,age_10,12,368925
06,M,age_10,13,369638
06,M,age_10,14,369729
06,M,age_10,15,370072
06,M,age_10,16,370242
06,M,age_10,17,370737
06,M,age_10,18,370195
06,M,age_10,19,369745
06,M,age_10,20,369536
06,M,age_10,21,369268
06,M,age_10,22,367744
06,M,age_10,23,369064
06,M,age_15,0,594330
06,M,age_15,1,593699
06,M,age_15,2,593156
06,M,age_15,3,593232
06,M,age_15,4,593160
06,M,age_15,5,593233
06,M,age_15,6,595188
06,M,age_15,7,604288
06,M,age_15,8,606979
06,M,age_15,9,609806
06,M,age_15,10,611691
06,M,age_15,11,613120
06,M,age_15,12,614525
06,M,age_15,13,616602
06,M,age_15,14,618702
06,M,age_15,15,619413
06,M,age_15,16,617472
06,M,age_15,17,616791
06,M,age_15,18,616016
06,M,age_15,19,613528
06,M,age_15,20,611002
06,M,age_15,21,607812
06,M,age_15,22,600067
06,M,age_15,23,595677
06,M,age_20,0,1090011
06,M,age_20,1,1087380
06,M,age_20,2,1086000
06,M,age_20,3,1084436
06,M,age_20,4,1083169
06,M,age_20,5,1082341
06,M,age_20,6,1082671
06,M,age_20,7,1088379
06,M,age_20,8,1098788
06,M,age_20,9,1108193
06,M,age_20,10,1113344
06,M,age_20,11,1117634
06,M,age_20,12,1122363
06,M,age_20,13,1126886
06,M,age_20,14,1130607
06,M,age_20,15,1133338
06,M,age_20,16,1134839
06,M,age_20,17,1135771
06,M,age_20,18,1131671
06,M,age_20,19,1126214
06,M,age_20,20,1119856
06,M,age_20,21,1113303
06,M,age_20,22,1103194
06,M,age_20,23,1094435
06,M,age_25,0,1691804
06,M,age_25,1,1686540
06,M,age_25,2,1682690
06,M,age_25,3,1679957
06,M,age_25,4,1678596
06,M,age_25,5,1678432
06,M,age_25,6,1680716
06,M,age_25,7,1705803
06,M,age_25,8,1742901
06,M,age_25,9,1763710
06,M,age_25,10,1770969
06,M,age_25,11,1777865
06,M,age_25,12,1785748
06,M,age_25,13,1792194
06,M,age_25,14,1795365
06,M,age_25,15,1798180
06,M,age_25,16,1800316
06,M,age_25,17,1800052
06,M,age_25,18,1792045
06,M,age_25,19,1768570
06,M,age_25,20,1752620
06,M,age_25,21,1738203
06,M,age_25,22,1718445
06,M,age_25,23,1699676
06,M,age_30,0,1460119
06,M,age_30,1,1455708
06,M,age_30,2,1452935
06,M,age_30,3,1451618
06,M,age_30,4,1450339
06,M,age_30,5,1448943
06,M,age_30,6,1453188
06,M,age_30,7,1482201
06,M,age_30,8,1521470
06,M,age_30,9,1539882
06,M,age_30,10,1545831
06,M,age_30,11,1550822
06,M,age_30,12,1554078
06,M,age_30,13,1557556
06,M,age_30,14,1558375
06,M,age_30,15,1559878
06,M,age_30,16,1560810
06,M,age_30,17,1560961
06,M,age_30,18,1549660
06,M,age_30,19,1523156
06,M,age_30,20,1507490
06,M,age_30,21,1495243
06,M,age_30,22,1479719
06,M,age_30,23,1467961
06,M,age_35,0,1459690
06,M,age_35,1,1456050
06,M,age_35,2,1453866
06,M,age_35,3,1452196
06,M,age_35,4,1451004
06,M,age_35,5,1450188
06,M,age_35,6,1463443
06,M,age_35,7,1506239
06,M,age_35,8,1550088
06,M,age_35,9,1575158
06,M,age_35,10,1581643
06,M,age_35,11,1585537
06,M,age_35,12,1586763
06,M,age_35,13,1588336
06,M,age_35,14,1589215
06,M,age_35,15,1590132
06,M,age_35,16,1590114
06,M,age_35,17,1585525
06,M,age_35,18,1563222
06,M,age_35,19,1527171
06,M,age_35,20,1508377
06,M,age_35,21,1494291
06,M,age_35,22,1480501
06,M,age_35,23,1470543
06,M,age_40,0,1286537
06,M,age_40,1,1283006
06,M,age_40,2,1280992
06,M,age_40,3,1279530
06,M,age_40,4,1278997
06,M,age_40,5,1279553
06,M,age_40,6,1293035
06,M,age_40,7,1330070
06,M,age_40,8,1365632
06,M,age_40,9,1386575
06,M,age_40,10,1394099
06,M,age_40,11,1394541
06,M,age_40,12,1395282
06,M,age_40,13,1396989
06,M,age_40,14,1398602
06,M,age_40,15,1397502
06,M,age_40,16,1396988
06,M,age_40,17,1390401
06,M,age_40,18,1370889
06,M,age_40,19,1344130
06,M,age_40,20,1328128
06,M,age_40,21,1317164
06,M,age_40,22,1304837
06,M,age_40,23,1296003
06,M,age_45,0,1346337
06,M,age_45,1,1343770
06,M,age_45,2,1342121
06,M,age_45,3,1340995
06,M,age_45,4,1341039
06,M,age_45,5,1342162
06,M,age_45,6,1357483
06,M,age_45,7,1392924
06,M,age_45,8,1421878
06,M,age_45,9,1439267
06,M,age_45,10,1446133
06,M,age_45,11,1446210
06,M,age_45,12,1446526
06,M,age_45,13,1449947
06,M,age_45,14,1451621
06,M,age_45,15,1451245
06,M,age_45,16,1449559
06,M,age_45,17,1444220
06,M,age_45,18,1424427
06,M,age_45,19,1399548
06,M,age_45,20,1383845
06,M,age_45,21,1374076
06,M,age_45,22,1361889
06,M,age_45,23,1354407
06,M,age_50,0,1181690
06,M,age_50,1,1179829
06,M,age_50,2,1178745
06,M,age_50,3,1178115
06,M,age_50,4,1177941
06,M,age_50,5,1179664
06,M,age_50,6,1189987
06,M,age_50,7,1213118
06,M,age_50,8,1229768
06,M,age_50,9,1238523
06,M,age_50,10,1240787
06,M,age_50,11,1239030
06,M,age_50,12,1238871
06,M,age_50,13,1241291
06,M,age_50,14,1243500
06,M,age_50,15,1244409
06,M,age_50,16,1243802
06,M,age_50,17,1241809
06,M,age_50,18,1229856
06,M,age_50,19,1214784
06,M,age_50,20,1207927
06,M,age_50,21,1202487
06,M,age_50,22,1193385
06,M,age_50,23,1187388
06,M,age_55,0,1123154
06,M,age_55,1,1121387
06,M,age_55,2,1120052
06,M,age_55,3,1119624
06,M,age_55,4,1120019
06,M,age_55,5,1121940
06,M,age_55,6,1126874
06,M,age_55,7,1137266
06,M,age_55,8,1146365
06,M,age_55,9,1151647
06,M,age_55,10,1152250
06,M,age_55,11,1148988
06,M,age_55,12,1146821
06,M,age_55,13,1149461
06,M,age_55,14,1151017
06,M,age_55,15,1151942
06,M,age_55,16,1152182
06,M,age_55,17,1152746
06,M,age_55,18,1148751
06,M,age_55,19,1142217
06,M,age_55,20,1139256
06,M,age_55,21,1137568
06,M,age_55,22,1131848
06,M,age_55,23,1128515
06,M,age_60,0,1005325
06,M,age_60,1,1003727
06,M,age_60,2,1002420
06,M,age_60,3,1002244
06,M,age_60,4,1002123
06,M,age_60,5,1003636
06,M,age_60,6,1003254
06,M,age_60,7,1003341
06,M,age_60,8,1006071
06,M,age_60,9,1010481
06,M,age_60,10,1012037
06,M,age_60,11,1008792
06,M,age_60,12,1007116
06,M,age_60,13,1009107
06,M,age_60,14,1010639
06,M,age_60,15,1013279
06,M,age_60,16,1015282
06,M,age_60,17,1018550
06,M,age_60,18,1017195
06,M,age_60,19,1016254
06,M,age_60,20,1015636
06,M,age_60,21,1014758
06,M,age_60,22,1011104
06,M,age_60,23,1008684
06,M,age_65,0,685071
06,M,age_65,1,684156
06,M,age_65,2,683488
06,M,age_65,3,683433
06,M,age_65,4,683891
06,M,age_65,5,684804
06,M,age_65,6,684118
06,M,age_65,7,683335
06,M,age_65,8,686019
06,M,age_65,9,688793
06,M,age_65,10,690148
06,M,age_65,11,687803
06,M,age_65,12,687960
06,M,age_65,13,689431
06,M,age_65,14,690896
06,M,age_65,15,692402
06,M,age_65,16,694035
06,M,age_65,17,695654
06,M,age_65,18,695162
06,M,age_65,19,693679
06,M,age_65,20,693107
06,M,age_65,21,691985
06,M,age_65,22,689588
06,M,age_65,23,687086
06,M,age_70,0,815125
06,M,age_70,1,814744
06,M,age_70,2,814226
06,M,age_70,3,814284
06,M,age_70,4,814838
06,M,age_70,5,816818
06,M,age_70,6,817897
06,M,age_70,7,817506
06,M,age_70,8,820702
06,M,age_70,9,826593
06,M,age_70,10,830640
06,M,age_70,11,830306
06,M,age_70,12,829387
06,M,age_70,13,831020
06,M,age_70,14,833040
06,M,age_70,15,832608
06,M,age_70,16,830463
06,M,age_70,17,829662
06,M,age_70,18,827579
06,M,age_70,19,825054
06,M,age_70,20,822883
06,M,age_70,21,821001
06,M,age_70,22,818791
06,M,age_70,23,816751
